atmId,bankName,latitude,longitude,h3R8,h3R9,city,district,state
ATM-001,PNB-Sim,28.63760173358163,77.21742631155895,883da11455fffff,893da11455bffff,Delhi,New Delhi,Delhi
ATM-002,HDFC-Sim,28.64221695575133,77.18773771941422,883da11627fffff,893da11626fffff,Delhi,New Delhi,Delhi
ATM-003,ICICI-Sim,28.536638001240878,77.24408014557147,883da1029dfffff,893da1029d7ffff,Delhi,New Delhi,Delhi
ATM-004,HDFC-Sim,28.600689276217132,77.0329902261147,883da11239fffff,893da11238fffff,Delhi,New Delhi,Delhi
ATM-005,HDFC-Sim,28.643986802587353,77.23018004885972,883da11451fffff,893da11453bffff,Delhi,New Delhi,Delhi
ATM-006,SBI-Sim,28.648337798753104,77.20505185297387,883da1144bfffff,893da1144b7ffff,Delhi,New Delhi,Delhi
ATM-007,PNB-Sim,28.562887202657258,77.2407674628429,883da115e7fffff,893da115e73ffff,Delhi,New Delhi,Delhi
ATM-008,HDFC-Sim,28.581863626635297,77.05304209981728,883da11051fffff,893da11051bffff,Delhi,New Delhi,Delhi
ATM-009,BOI-Sim,28.639005627309032,77.20329892055396,883da11441fffff,893da114407ffff,Delhi,New Delhi,Delhi
ATM-010,SBI-Sim,28.64406619894744,77.19210894328148,883da11449fffff,893da114493ffff,Delhi,New Delhi,Delhi
ATM-011,PNB-Sim,28.537548437871166,77.24554755213387,883da10299fffff,893da10299bffff,Delhi,New Delhi,Delhi
ATM-012,BOI-Sim,28.58634695260759,77.04670418600564,883da1105dfffff,893da1105d7ffff,Delhi,New Delhi,Delhi
ATM-013,BOI-Sim,28.6360913940869,77.2217524050707,883da11455fffff,893da11454bffff,Delhi,New Delhi,Delhi
ATM-014,SBI-Sim,28.66275627167868,77.1780884982883,883da11605fffff,893da116043ffff,Delhi,New Delhi,Delhi
ATM-015,SBI-Sim,28.553572405298492,77.23813445156928,883da102dbfffff,893da102da3ffff,Delhi,New Delhi,Delhi
ATM-016,SBI-Sim,28.594298858594453,77.04541166841298,883da11233fffff,893da11232bffff,Delhi,New Delhi,Delhi
ATM-017,ICICI-Sim,28.625557576975215,77.22236456547478,883da11401fffff,893da114003ffff,Delhi,New Delhi,Delhi
ATM-018,BOI-Sim,28.6445919161829,77.18620163300915,883da11627fffff,893da116277ffff,Delhi,New Delhi,Delhi
ATM-019,Axis-Sim,28.56428979153062,77.26459171722887,883da115abfffff,893da115aa7ffff,Delhi,New Delhi,Delhi
ATM-020,HDFC-Sim,28.60175030208894,77.04702689186605,883da112edfffff,893da112edbffff,Delhi,New Delhi,Delhi
ATM-021,SBI-Sim,28.618512527706386,77.2181910256947,883da11405fffff,893da114057ffff,Delhi,New Delhi,Delhi
ATM-022,HDFC-Sim,28.649768422026305,77.18144939542833,883da11621fffff,893da116203ffff,Delhi,New Delhi,Delhi
ATM-023,BOI-Sim,28.536737275972822,77.2495742108661,883da10299fffff,893da10298bffff,Delhi,New Delhi,Delhi
ATM-024,HDFC-Sim,28.60630359211116,77.05187804691556,883da112edfffff,893da112ed7ffff,Delhi,New Delhi,Delhi
ATM-025,HDFC-Sim,28.625774196484098,77.2249051595954,883da11401fffff,893da114007ffff,Delhi,New Delhi,Delhi
ATM-026,Axis-Sim,28.655393108736067,77.17932916305332,883da11629fffff,893da11628fffff,Delhi,New Delhi,Delhi
ATM-027,BOI-Sim,28.564366364599522,77.2534462994406,883da115a9fffff,893da115a97ffff,Delhi,New Delhi,Delhi
ATM-028,SBI-Sim,28.59450511773715,77.05571761901601,883da112e5fffff,893da112e4bffff,Delhi,New Delhi,Delhi
ATM-029,HDFC-Sim,28.629694650362566,77.22183570095939,883da1140bfffff,893da1140bbffff,Delhi,New Delhi,Delhi
ATM-030,Axis-Sim,28.66618577101502,77.20331516778879,883da11639fffff,893da116387ffff,Delhi,New Delhi,Delhi
ATM-031,Axis-Sim,28.559446086956555,77.25305830440145,883da115a9fffff,893da115a8fffff,Delhi,New Delhi,Delhi
ATM-032,SBI-Sim,28.596280958644584,77.05353000098714,883da112e5fffff,893da112e5bffff,Delhi,New Delhi,Delhi
ATM-033,Axis-Sim,28.622333609453666,77.21189298953992,883da1140dfffff,893da1140c3ffff,Delhi,New Delhi,Delhi
ATM-034,BOI-Sim,28.63807573298881,77.1990839359784,883da11441fffff,893da114413ffff,Delhi,New Delhi,Delhi
ATM-035,SBI-Sim,28.549937422456306,77.23529459000312,883da102dbfffff,893da102dabffff,Delhi,New Delhi,Delhi
ATM-036,PNB-Sim,28.60183115724488,77.05358707339077,883da112edfffff,893da112ecfffff,Delhi,New Delhi,Delhi
ATM-037,PNB-Sim,28.639278577151153,77.21689884398117,883da11455fffff,893da114553ffff,Delhi,New Delhi,Delhi
ATM-038,BOI-Sim,28.66421443096533,77.19455089367744,883da11639fffff,893da11639bffff,Delhi,New Delhi,Delhi
ATM-039,PNB-Sim,28.56390327969803,77.26361900789058,883da115abfffff,893da115aa7ffff,Delhi,New Delhi,Delhi
ATM-040,PNB-Sim,28.594745817831683,77.03105043494998,883da1123dfffff,893da11231bffff,Delhi,New Delhi,Delhi
ATM-041,HDFC-Sim,28.63824480147269,77.21834588044239,883da11455fffff,893da11455bffff,Delhi,New Delhi,Delhi
ATM-042,PNB-Sim,28.659372989366947,77.17791211659915,883da11629fffff,893da11604bffff,Delhi,New Delhi,Delhi
ATM-043,Axis-Sim,28.55938864456207,77.24647250088994,883da115e7fffff,893da115e6fffff,Delhi,New Delhi,Delhi
ATM-044,BOI-Sim,28.592157259392597,77.0430502224413,883da11237fffff,893da112377ffff,Delhi,New Delhi,Delhi
ATM-045,PNB-Sim,28.642679114873612,77.2042802573173,883da1144bfffff,893da1144abffff,Delhi,New Delhi,Delhi
ATM-046,Axis-Sim,28.66165846409167,77.20403248906405,883da11631fffff,893da116317ffff,Delhi,New Delhi,Delhi
ATM-047,HDFC-Sim,28.536935189472217,77.23627687986894,883da102d7fffff,893da102d7bffff,Delhi,New Delhi,Delhi
ATM-048,SBI-Sim,28.589731329191892,77.05717653283523,883da1105bfffff,893da1105bbffff,Delhi,New Delhi,Delhi
ATM-049,BOI-Sim,28.618146380072755,77.20840895658974,883da11463fffff,893da114637ffff,Delhi,New Delhi,Delhi
ATM-050,ICICI-Sim,28.651475601061605,77.19965698821166,883da11635fffff,893da116343ffff,Delhi,New Delhi,Delhi
ATM-051,ICICI-Sim,28.53726116789065,77.24515451352046,883da10299fffff,893da10299bffff,Delhi,New Delhi,Delhi
ATM-052,HDFC-Sim,28.57819402050257,77.06006543027966,883da11057fffff,893da110573ffff,Delhi,New Delhi,Delhi
ATM-053,Axis-Sim,28.629855479798472,77.22540951094612,883da1140bfffff,893da1140abffff,Delhi,New Delhi,Delhi
ATM-054,ICICI-Sim,28.647444864709602,77.19498950899853,883da11449fffff,893da114497ffff,Delhi,New Delhi,Delhi
ATM-055,ICICI-Sim,28.56174013748226,77.26418057260975,883da115abfffff,893da115aafffff,Delhi,New Delhi,Delhi
ATM-056,BOI-Sim,28.590456765216974,77.0409601340632,883da11237fffff,893da112363ffff,Delhi,New Delhi,Delhi
ATM-057,BOI-Sim,28.635856180721078,77.21694512094537,883da11455fffff,893da11455bffff,Delhi,New Delhi,Delhi
ATM-058,PNB-Sim,28.64559331542553,77.18358583259445,883da11627fffff,893da116273ffff,Delhi,New Delhi,Delhi
ATM-059,ICICI-Sim,28.560207309396052,77.24883617380716,883da115a9fffff,893da115a9bffff,Delhi,New Delhi,Delhi
ATM-060,BOI-Sim,28.59936850313948,77.04297418775415,883da11233fffff,893da112333ffff,Delhi,New Delhi,Delhi
ATM-061,ICICI-Sim,28.631513490192557,77.2067832959947,883da11447fffff,893da114463ffff,Delhi,New Delhi,Delhi
ATM-062,BOI-Sim,28.665251425661182,77.2051127615667,883da1163bfffff,893da1163bbffff,Delhi,New Delhi,Delhi
ATM-063,SBI-Sim,28.536978519285142,77.25680411093043,883da1029bfffff,893da1029abffff,Delhi,New Delhi,Delhi
ATM-064,SBI-Sim,28.598824151007584,77.04492319752916,883da11233fffff,893da112337ffff,Delhi,New Delhi,Delhi
ATM-065,HDFC-Sim,28.644524756426573,77.20942821115223,883da1144bfffff,893da1144a7ffff,Delhi,New Delhi,Delhi
ATM-066,ICICI-Sim,28.6381006389555,77.1903611631555,883da1144dfffff,893da1144d7ffff,Delhi,New Delhi,Delhi
ATM-067,BOI-Sim,28.536951710330577,77.2426777661493,883da102d7fffff,893da102d6fffff,Delhi,New Delhi,Delhi
ATM-068,SBI-Sim,28.586627772119563,77.0401539719313,883da11237fffff,893da11236bffff,Delhi,New Delhi,Delhi
ATM-069,BOI-Sim,28.617532247098648,77.23129269314086,883da11407fffff,893da114067ffff,Delhi,New Delhi,Delhi
ATM-070,BOI-Sim,28.64320416939701,77.18835182107955,883da11627fffff,893da116267ffff,Delhi,New Delhi,Delhi
ATM-071,HDFC-Sim,28.560130429961188,77.23719579673246,883da115e7fffff,893da115e7bffff,Delhi,New Delhi,Delhi
ATM-072,Axis-Sim,28.600978302732237,77.03135235657655,883da11239fffff,893da112383ffff,Delhi,New Delhi,Delhi
ATM-073,BOI-Sim,28.62658472371141,77.2293285534814,883da11403fffff,893da114033ffff,Delhi,New Delhi,Delhi
ATM-074,PNB-Sim,28.649536357922823,77.20399727298049,883da11635fffff,893da11634fffff,Delhi,New Delhi,Delhi
ATM-075,HDFC-Sim,28.536364958242064,77.24652182389318,883da10299fffff,893da10298bffff,Delhi,New Delhi,Delhi
ATM-076,SBI-Sim,19.110889386057504,72.84711299050304,88608b0945fffff,89608b0944bffff,Mumbai,Mumbai Suburban,Maharashtra
ATM-077,ICICI-Sim,19.02798431070512,72.83519943301489,88608b0a29fffff,89608b0a283ffff,Mumbai,Mumbai Suburban,Maharashtra
ATM-078,Axis-Sim,19.234518030962956,72.86808969173818,88608b4731fffff,89608b4730bffff,Mumbai,Mumbai Suburban,Maharashtra
ATM-079,ICICI-Sim,19.060661899758156,72.89085729746854,88608b5691fffff,89608b56903ffff,Mumbai,Mumbai Suburban,Maharashtra
ATM-080,SBI-Sim,19.12299578645658,72.85064039406247,88608b0961fffff,89608b0961bffff,Mumbai,Mumbai Suburban,Maharashtra
ATM-081,HDFC-Sim,19.01493050996047,72.84259737156951,88608b0a6bfffff,89608b0a6a3ffff,Mumbai,Mumbai Suburban,Maharashtra
ATM-082,Axis-Sim,19.23478178694615,72.85528238985738,88608b4559fffff,89608b45597ffff,Mumbai,Mumbai Suburban,Maharashtra
ATM-083,ICICI-Sim,19.050856080584882,72.886006613849,88608b569bfffff,89608b569b7ffff,Mumbai,Mumbai Suburban,Maharashtra
ATM-084,Axis-Sim,19.118268291290004,72.84628419801892,88608b096bfffff,89608b09617ffff,Mumbai,Mumbai Suburban,Maharashtra
ATM-085,SBI-Sim,19.024271742289244,72.85696280005497,88608b0a6dfffff,89608b0a6dbffff,Mumbai,Mumbai Suburban,Maharashtra
ATM-086,BOI-Sim,19.227593855693343,72.84801257004644,88608b4465fffff,89608b44647ffff,Mumbai,Mumbai Suburban,Maharashtra
ATM-087,PNB-Sim,19.05510671028643,72.88746188826434,88608b569bfffff,89608b569a3ffff,Mumbai,Mumbai Suburban,Maharashtra
ATM-088,PNB-Sim,19.12115756130541,72.84349372177661,88608b0961fffff,89608b09607ffff,Mumbai,Mumbai Suburban,Maharashtra
ATM-089,BOI-Sim,19.008746830158415,72.8397927310004,88608b0a47fffff,89608b0a463ffff,Mumbai,Mumbai Suburban,Maharashtra
ATM-090,Axis-Sim,19.218946304270137,72.85826215546142,88608b4717fffff,89608b4716fffff,Mumbai,Mumbai Suburban,Maharashtra
ATM-091,PNB-Sim,19.05579838163333,72.90910139322554,88608b56d5fffff,89608b56d4fffff,Mumbai,Mumbai Suburban,Maharashtra
ATM-092,HDFC-Sim,19.112143315662188,72.86041060372585,88608b5491fffff,89608b5490fffff,Mumbai,Mumbai Suburban,Maharashtra
ATM-093,ICICI-Sim,19.00465294996321,72.84684199540936,88608b0a45fffff,89608b0a457ffff,Mumbai,Mumbai Suburban,Maharashtra
ATM-094,HDFC-Sim,19.242238644330882,72.84895758449683,88608b4551fffff,89608b45507ffff,Mumbai,Mumbai Suburban,Maharashtra
ATM-095,Axis-Sim,19.061739993081225,72.88696591192513,88608b5693fffff,89608b5693bffff,Mumbai,Mumbai Suburban,Maharashtra
ATM-096,PNB-Sim,19.133662702220974,72.84280286015152,88608b0967fffff,89608b0966bffff,Mumbai,Mumbai Suburban,Maharashtra
ATM-097,BOI-Sim,19.011352529079844,72.85150365404989,88608b1993fffff,89608b1992fffff,Mumbai,Mumbai Suburban,Maharashtra
ATM-098,SBI-Sim,19.21711704724063,72.86745030308131,88608b4715fffff,89608b47143ffff,Mumbai,Mumbai Suburban,Maharashtra
ATM-099,PNB-Sim,19.065521842820836,72.89625260994406,88608b5695fffff,89608b56957ffff,Mumbai,Mumbai Suburban,Maharashtra
ATM-100,ICICI-Sim,19.129999191861554,72.83799551392057,88608b0929fffff,89608b0929bffff,Mumbai,Mumbai Suburban,Maharashtra
ATM-101,SBI-Sim,19.014536592134238,72.84290948986246,88608b0a6bfffff,89608b0a6a3ffff,Mumbai,Mumbai Suburban,Maharashtra
ATM-102,Axis-Sim,19.232575054806887,72.84212075813669,88608b4467fffff,89608b442d3ffff,Mumbai,Mumbai Suburban,Maharashtra
ATM-103,Axis-Sim,19.06055048292439,72.91094878910351,88608b568bfffff,89608b568b3ffff,Mumbai,Mumbai Suburban,Maharashtra
ATM-104,HDFC-Sim,19.124861801343396,72.83392210926543,88608b0905fffff,89608b09297ffff,Mumbai,Mumbai Suburban,Maharashtra
ATM-105,Axis-Sim,19.004638123029167,72.8323394387961,88608b0a09fffff,89608b0a093ffff,Mumbai,Mumbai Suburban,Maharashtra
ATM-106,HDFC-Sim,19.216241627557118,72.85023162030372,88608b4469fffff,89608b44683ffff,Mumbai,Mumbai Suburban,Maharashtra
ATM-107,SBI-Sim,19.044676690736264,72.88773907007457,88608b19a5fffff,89608b19a47ffff,Mumbai,Mumbai Suburban,Maharashtra
ATM-108,ICICI-Sim,19.12102003327522,72.84634801416733,88608b0961fffff,89608b09617ffff,Mumbai,Mumbai Suburban,Maharashtra
ATM-109,PNB-Sim,19.031847611086448,72.85770808139247,88608b19b3fffff,89608b19b2fffff,Mumbai,Mumbai Suburban,Maharashtra
ATM-110,Axis-Sim,19.229517084287533,72.86185472944949,88608b4733fffff,89608b47333ffff,Mumbai,Mumbai Suburban,Maharashtra
ATM-111,SBI-Sim,19.065757370370342,72.89831981000287,88608b5695fffff,89608b56953ffff,Mumbai,Mumbai Suburban,Maharashtra
ATM-112,HDFC-Sim,19.112419997118476,72.85496902553795,88608b5493fffff,89608b5492bffff,Mumbai,Mumbai Suburban,Maharashtra
ATM-113,ICICI-Sim,19.011706610406954,72.84954209490438,88608b0a45fffff,89608b0a697ffff,Mumbai,Mumbai Suburban,Maharashtra
ATM-114,ICICI-Sim,19.237181937375887,72.86696973709132,88608b4737fffff,89608b4737bffff,Mumbai,Mumbai Suburban,Maharashtra
ATM-115,ICICI-Sim,19.039814163870343,72.9014788406207,88608b56dbfffff,89608b56da7ffff,Mumbai,Mumbai Suburban,Maharashtra
ATM-116,PNB-Sim,19.120558702591126,72.8386787960796,88608b0963fffff,89608b09637ffff,Mumbai,Mumbai Suburban,Maharashtra
ATM-117,PNB-Sim,19.008838187718023,72.83042237988073,88608b0a09fffff,89608b0a083ffff,Mumbai,Mumbai Suburban,Maharashtra
ATM-118,Axis-Sim,19.23172455458514,72.85573289792079,88608b4733fffff,89608b4732fffff,Mumbai,Mumbai Suburban,Maharashtra
ATM-119,HDFC-Sim,19.043669695024736,72.91547673319772,88608b56d9fffff,89608b56dd7ffff,Mumbai,Mumbai Suburban,Maharashtra
ATM-120,SBI-Sim,19.13217362522559,72.84290943389028,88608b0967fffff,89608b0966bffff,Mumbai,Mumbai Suburban,Maharashtra
ATM-121,PNB-Sim,19.004677697189077,72.85253603243338,88608b0a4dfffff,89608b0a4cbffff,Mumbai,Mumbai Suburban,Maharashtra
ATM-122,ICICI-Sim,19.224585344146618,72.86860675524316,88608b4739fffff,89608b4738fffff,Mumbai,Mumbai Suburban,Maharashtra
ATM-123,SBI-Sim,19.053823642058944,72.90234070306998,88608b56d7fffff,89608b56d67ffff,Mumbai,Mumbai Suburban,Maharashtra
ATM-124,BOI-Sim,19.129831354601503,72.84177945255487,88608b0967fffff,89608b09663ffff,Mumbai,Mumbai Suburban,Maharashtra
ATM-125,PNB-Sim,19.02190886699537,72.82938542217367,88608b0a05fffff,89608b0a043ffff,Mumbai,Mumbai Suburban,Maharashtra
ATM-126,BOI-Sim,19.21972667792173,72.86212387966137,88608b473bfffff,89608b473b7ffff,Mumbai,Mumbai Suburban,Maharashtra
ATM-127,HDFC-Sim,19.057208609327155,72.89033265115498,88608b5691fffff,89608b56917ffff,Mumbai,Mumbai Suburban,Maharashtra
ATM-128,HDFC-Sim,19.13216422457052,72.84609728721189,88608b0967fffff,89608b0967bffff,Mumbai,Mumbai Suburban,Maharashtra
ATM-129,Axis-Sim,19.00887321210862,72.8510524429924,88608b0a45fffff,89608b19927ffff,Mumbai,Mumbai Suburban,Maharashtra
ATM-130,Axis-Sim,19.228600363995547,72.85744824519159,88608b4733fffff,89608b47327ffff,Mumbai,Mumbai Suburban,Maharashtra
ATM-131,SBI-Sim,19.043625838002143,72.89301002361287,88608b19a5fffff,89608b19a53ffff,Mumbai,Mumbai Suburban,Maharashtra
ATM-132,HDFC-Sim,19.13381015613728,72.85558331986991,88608b4659fffff,89608b46597ffff,Mumbai,Mumbai Suburban,Maharashtra
ATM-133,HDFC-Sim,19.030832886418292,72.85397976611165,88608b0a65fffff,89608b0a65bffff,Mumbai,Mumbai Suburban,Maharashtra
ATM-134,HDFC-Sim,19.232557743501477,72.85387901968447,88608b4465fffff,89608b45597ffff,Mumbai,Mumbai Suburban,Maharashtra
ATM-135,BOI-Sim,19.06519576955987,72.90309175449734,88608b5683fffff,89608b56837ffff,Mumbai,Mumbai Suburban,Maharashtra
ATM-136,HDFC-Sim,19.12325398880708,72.85686507439932,88608b096dfffff,89608b096c3ffff,Mumbai,Mumbai Suburban,Maharashtra
ATM-137,ICICI-Sim,19.02349494428223,72.85610481819043,88608b0a6dfffff,89608b0a6c3ffff,Mumbai,Mumbai Suburban,Maharashtra
ATM-138,ICICI-Sim,19.23542633853809,72.84859363976523,88608b455bfffff,89608b455b3ffff,Mumbai,Mumbai Suburban,Maharashtra
ATM-139,SBI-Sim,19.059938815467458,72.89752448481978,88608b569dfffff,89608b569c7ffff,Mumbai,Mumbai Suburban,Maharashtra
ATM-140,ICICI-Sim,19.11714612198554,72.85800272478716,88608b5497fffff,89608b5496fffff,Mumbai,Mumbai Suburban,Maharashtra
ATM-141,Axis-Sim,19.011894566298,72.8330654799614,88608b0a0dfffff,89608b0a0d7ffff,Mumbai,Mumbai Suburban,Maharashtra
ATM-142,PNB-Sim,19.22498214582096,72.8455680303042,88608b4461fffff,89608b4460fffff,Mumbai,Mumbai Suburban,Maharashtra
ATM-143,ICICI-Sim,19.04441377745135,72.9144626545581,88608b56ddfffff,89608b56dd7ffff,Mumbai,Mumbai Suburban,Maharashtra
ATM-144,SBI-Sim,19.11588038689901,72.83545379704461,88608b090dfffff,89608b090c3ffff,Mumbai,Mumbai Suburban,Maharashtra
ATM-145,PNB-Sim,19.01182318085922,72.8400349623403,88608b0a47fffff,89608b0a46bffff,Mumbai,Mumbai Suburban,Maharashtra
ATM-146,BOI-Sim,19.23195220579357,72.85410696645039,88608b4465fffff,89608b4465bffff,Mumbai,Mumbai Suburban,Maharashtra
ATM-147,ICICI-Sim,19.051818480168368,72.8912898888268,88608b569bfffff,89608b569b3ffff,Mumbai,Mumbai Suburban,Maharashtra
ATM-148,ICICI-Sim,19.121797603692674,72.84758155985108,88608b0961fffff,89608b09603ffff,Mumbai,Mumbai Suburban,Maharashtra
ATM-149,Axis-Sim,19.02930624785294,72.83191435220489,88608b0a29fffff,89608b0a287ffff,Mumbai,Mumbai Suburban,Maharashtra
ATM-150,Axis-Sim,19.2307606561007,72.8475845078954,88608b4465fffff,89608b4467bffff,Mumbai,Mumbai Suburban,Maharashtra
ATM-151,PNB-Sim,17.44186376461928,78.38110311979587,8860a259bbfffff,8960a259bb3ffff,Hyderabad,Hyderabad,Telangana
ATM-152,Axis-Sim,17.428061559120916,78.50331202035598,8860b52c91fffff,8960b52c913ffff,Hyderabad,Hyderabad,Telangana
ATM-153,PNB-Sim,17.35568721672972,78.52032139807098,8860b525a1fffff,8960b525a07ffff,Hyderabad,Hyderabad,Telangana
ATM-154,PNB-Sim,17.491877309926757,78.40262155134867,8860a24b6dfffff,8960a24b6d7ffff,Hyderabad,Hyderabad,Telangana
ATM-155,HDFC-Sim,17.436559390346037,78.38892853711818,8860a25983fffff,8960a259827ffff,Hyderabad,Hyderabad,Telangana
ATM-156,BOI-Sim,17.44871533718066,78.50749562728171,8860b52cb9fffff,8960b52cb8fffff,Hyderabad,Hyderabad,Telangana
ATM-157,PNB-Sim,17.377686257997166,78.53848505565651,8860b52e9dfffff,8960b52e9c3ffff,Hyderabad,Hyderabad,Telangana
ATM-158,Axis-Sim,17.477016983549294,78.40154975353279,8860b19693fffff,8960b196937ffff,Hyderabad,Hyderabad,Telangana
ATM-159,BOI-Sim,17.454856269267815,78.3812606267446,8860a259b7fffff,8960a259b73ffff,Hyderabad,Hyderabad,Telangana
ATM-160,ICICI-Sim,17.449508235571532,78.48635986055392,8860a25965fffff,8960a259657ffff,Hyderabad,Hyderabad,Telangana
ATM-161,Axis-Sim,17.36762551036402,78.5377854017084,8860b52ed3fffff,8960b52ed2bffff,Hyderabad,Hyderabad,Telangana
ATM-162,SBI-Sim,17.474164180951615,78.40959196047383,8860b1969bfffff,8960b1969bbffff,Hyderabad,Hyderabad,Telangana
ATM-163,BOI-Sim,17.457253620268702,78.3822906717503,8860a259b7fffff,8960a259b73ffff,Hyderabad,Hyderabad,Telangana
ATM-164,SBI-Sim,17.42804237560426,78.49642350192048,8860b52c91fffff,8960b52c907ffff,Hyderabad,Hyderabad,Telangana
ATM-165,HDFC-Sim,17.361298430296277,78.52419494398227,8860b525a1fffff,8960b525a73ffff,Hyderabad,Hyderabad,Telangana
ATM-166,BOI-Sim,17.497872740827024,78.42318366854045,8860b196b9fffff,8960b196b9bffff,Hyderabad,Hyderabad,Telangana
ATM-167,HDFC-Sim,17.448062442442726,78.36615713344196,8860a24a65fffff,8960a24a657ffff,Hyderabad,Hyderabad,Telangana
ATM-168,PNB-Sim,17.42860640420696,78.49859846227305,8860b52c91fffff,8960b52c917ffff,Hyderabad,Hyderabad,Telangana
ATM-169,SBI-Sim,17.367275149026334,78.53332908408117,8860b52e99fffff,8960b52e997ffff,Hyderabad,Hyderabad,Telangana
ATM-170,ICICI-Sim,17.481264926733726,78.42665991959983,8860b1968bfffff,8960b1968a3ffff,Hyderabad,Hyderabad,Telangana
ATM-171,Axis-Sim,17.446913277132122,78.39056002359368,8860a259b9fffff,8960a259b8bffff,Hyderabad,Hyderabad,Telangana
ATM-172,BOI-Sim,17.430146440841305,78.49495389403039,8860b52c93fffff,8960b52c93bffff,Hyderabad,Hyderabad,Telangana
ATM-173,BOI-Sim,17.363753180047475,78.52962460177015,8860b525a5fffff,8960b525a43ffff,Hyderabad,Hyderabad,Telangana
ATM-174,SBI-Sim,17.476527292174794,78.41767146771949,8860b19699fffff,8960b1969d7ffff,Hyderabad,Hyderabad,Telangana
ATM-175,Axis-Sim,17.457524463629095,78.37724636749871,8860a259b7fffff,8960a259b67ffff,Hyderabad,Hyderabad,Telangana
ATM-176,BOI-Sim,17.4287673770641,78.49978823154157,8860b52c91fffff,8960b52c917ffff,Hyderabad,Hyderabad,Telangana
ATM-177,HDFC-Sim,17.36910989760659,78.53371334051018,8860b52e99fffff,8960b52e997ffff,Hyderabad,Hyderabad,Telangana
ATM-178,PNB-Sim,17.487484411076842,78.42770764065916,8860b19683fffff,8960b196807ffff,Hyderabad,Hyderabad,Telangana
ATM-179,PNB-Sim,17.433170787920993,78.38604982631027,8860a25995fffff,8960a259953ffff,Hyderabad,Hyderabad,Telangana
ATM-180,BOI-Sim,17.451950084074173,78.50712080836429,8860b52cb1fffff,8960b52cb13ffff,Hyderabad,Hyderabad,Telangana
ATM-181,HDFC-Sim,17.376656180841035,78.52013080673521,8860b52e93fffff,8960b52e937ffff,Hyderabad,Hyderabad,Telangana
ATM-182,BOI-Sim,17.495912368345945,78.40599896841636,8860a24b6dfffff,8960a24b6dbffff,Hyderabad,Hyderabad,Telangana
ATM-183,BOI-Sim,17.445445429542573,78.37750434828823,8860a259bbfffff,8960a259bafffff,Hyderabad,Hyderabad,Telangana
ATM-184,BOI-Sim,17.452442870554513,78.4937222834743,8860b52cb3fffff,8960b52cb27ffff,Hyderabad,Hyderabad,Telangana
ATM-185,Axis-Sim,17.366258638289672,78.51044430162037,8860a25b49fffff,8960a25b48fffff,Hyderabad,Hyderabad,Telangana
ATM-186,ICICI-Sim,17.471361332296528,78.41785507922155,8860b19699fffff,8960b196993ffff,Hyderabad,Hyderabad,Telangana
ATM-187,SBI-Sim,17.436255028878335,78.38454463280189,8860a25995fffff,8960a259943ffff,Hyderabad,Hyderabad,Telangana
ATM-188,Axis-Sim,17.451931359723318,78.49745913231,8860b52cb3fffff,8960b52cb23ffff,Hyderabad,Hyderabad,Telangana
ATM-189,ICICI-Sim,17.38004091806611,78.51571385313066,8860a25b45fffff,8960a25b45bffff,Hyderabad,Hyderabad,Telangana
ATM-190,PNB-Sim,17.499436799501826,78.42082674573754,8860b196b9fffff,8960b196b8bffff,Hyderabad,Hyderabad,Telangana
ATM-191,PNB-Sim,17.431875835884618,78.38748721383884,8860a2599dfffff,8960a2599cbffff,Hyderabad,Hyderabad,Telangana
ATM-192,ICICI-Sim,17.45331443509015,78.49545043800651,8860b52cb3fffff,8960b52cb23ffff,Hyderabad,Hyderabad,Telangana
ATM-193,PNB-Sim,17.3748950125083,78.537574704897,8860b52e9dfffff,8960b52e9d7ffff,Hyderabad,Hyderabad,Telangana
ATM-194,Axis-Sim,17.47891994804055,78.40394428836879,8860b19693fffff,8960b196933ffff,Hyderabad,Hyderabad,Telangana
ATM-195,Axis-Sim,17.43307155013401,78.39038153487552,8860a25983fffff,8960a259837ffff,Hyderabad,Hyderabad,Telangana
ATM-196,HDFC-Sim,17.427106097108783,78.4894430146588,8860b52c93fffff,8960b52c937ffff,Hyderabad,Hyderabad,Telangana
ATM-197,Axis-Sim,17.366704910676386,78.52356954784443,8860b525a7fffff,8960b525a7bffff,Hyderabad,Hyderabad,Telangana
ATM-198,SBI-Sim,17.491168373054006,78.4022327070735,8860a24b6dfffff,8960a24b6d7ffff,Hyderabad,Hyderabad,Telangana
ATM-199,ICICI-Sim,17.43937335201125,78.37490709552407,8860a25997fffff,8960a25996bffff,Hyderabad,Hyderabad,Telangana
ATM-200,Axis-Sim,17.44925070766391,78.48394886310628,8860a25961fffff,8960a25960bffff,Hyderabad,Hyderabad,Telangana
ATM-201,ICICI-Sim,17.373616709276163,78.53138721272352,8860b52e99fffff,8960b52e98fffff,Hyderabad,Hyderabad,Telangana
ATM-202,Axis-Sim,17.48374834548696,78.4160718002152,8860b1969dfffff,8960b1969cfffff,Hyderabad,Hyderabad,Telangana
ATM-203,BOI-Sim,17.45608649593774,78.38706818062391,8860a259b5fffff,8960a259b57ffff,Hyderabad,Hyderabad,Telangana
ATM-204,ICICI-Sim,17.45044260759895,78.49831569954738,8860b52cb3fffff,8960b52cb33ffff,Hyderabad,Hyderabad,Telangana
ATM-205,SBI-Sim,17.357586844402903,78.53516673069701,8860b525adfffff,8960b525adbffff,Hyderabad,Hyderabad,Telangana
ATM-206,SBI-Sim,17.495009600330285,78.40310273047763,8860a24b6dfffff,8960a24b6c3ffff,Hyderabad,Hyderabad,Telangana
ATM-207,ICICI-Sim,17.43291767047232,78.37091542441257,8860a25993fffff,8960a25992bffff,Hyderabad,Hyderabad,Telangana
ATM-208,PNB-Sim,17.452805032842814,78.4902259752321,8860a25965fffff,8960a25965bffff,Hyderabad,Hyderabad,Telangana
ATM-209,HDFC-Sim,17.362568598572622,78.53795466441616,8860b52ed3fffff,8960b52ed37ffff,Hyderabad,Hyderabad,Telangana
ATM-210,SBI-Sim,17.49779244750113,78.4207197312581,8860b196b9fffff,8960b196b8bffff,Hyderabad,Hyderabad,Telangana
ATM-211,Axis-Sim,17.436089984593483,78.38312348007791,8860a25995fffff,8960a259943ffff,Hyderabad,Hyderabad,Telangana
ATM-212,BOI-Sim,17.429921149289417,78.49157758042753,8860b52c93fffff,8960b52c923ffff,Hyderabad,Hyderabad,Telangana
ATM-213,SBI-Sim,17.37010778087601,78.52306887385328,8860b52e9bfffff,8960b52e9a7ffff,Hyderabad,Hyderabad,Telangana
ATM-214,PNB-Sim,17.480791052894332,78.40492547165987,8860b19693fffff,8960b19693bffff,Hyderabad,Hyderabad,Telangana
ATM-215,ICICI-Sim,17.447866522188086,78.36709403870131,8860a24a65fffff,8960a24a657ffff,Hyderabad,Hyderabad,Telangana
ATM-216,HDFC-Sim,17.453281507367574,78.48344714535003,8860a25965fffff,8960a25967bffff,Hyderabad,Hyderabad,Telangana
ATM-217,SBI-Sim,17.35624249119506,78.5235626241569,8860b525a1fffff,8960b525a03ffff,Hyderabad,Hyderabad,Telangana
ATM-218,Axis-Sim,17.484756981240686,78.41832779198099,8860b1969dfffff,8960b1969cbffff,Hyderabad,Hyderabad,Telangana
ATM-219,ICICI-Sim,17.450061437731158,78.36494127254201,8860a24a65fffff,8960a24a647ffff,Hyderabad,Hyderabad,Telangana
ATM-220,PNB-Sim,17.442903160654453,78.49352183457944,8860a2596dfffff,8960a2596d3ffff,Hyderabad,Hyderabad,Telangana
ATM-221,Axis-Sim,17.377710611737765,78.52028844605623,8860b52e93fffff,8960b52e923ffff,Hyderabad,Hyderabad,Telangana
ATM-222,BOI-Sim,17.484289845121246,78.41765047990735,8860b1969dfffff,8960b1969cfffff,Hyderabad,Hyderabad,Telangana
ATM-223,ICICI-Sim,17.433665656706133,78.38044199102123,8860a25995fffff,8960a259947ffff,Hyderabad,Hyderabad,Telangana
ATM-224,BOI-Sim,17.44840478672509,78.5087335124035,8860b52cb9fffff,8960b52cb8bffff,Hyderabad,Hyderabad,Telangana
ATM-225,SBI-Sim,12.94045769333986,77.63767047095119,8861892517fffff,89618925163ffff,Bengaluru,Bengaluru Urban,Karnataka
ATM-226,SBI-Sim,12.958239395843343,77.75079215481439,8861892033fffff,8961892032fffff,Bengaluru,Bengaluru Urban,Karnataka
ATM-227,ICICI-Sim,12.965681762668105,77.64223756844889,8861892537fffff,8961892536bffff,Bengaluru,Bengaluru Urban,Karnataka
ATM-228,PNB-Sim,13.022513957429195,77.55334146639092,886014594bfffff,896014594a7ffff,Bengaluru,Bengaluru Urban,Karnataka
ATM-229,SBI-Sim,12.932554899825007,77.62060743423854,88618925c5fffff,89618925c47ffff,Bengaluru,Bengaluru Urban,Karnataka
ATM-230,HDFC-Sim,12.966101485126794,77.74196155476683,88618921dbfffff,89618921dabffff,Bengaluru,Bengaluru Urban,Karnataka
ATM-231,ICICI-Sim,12.963411886714647,77.65146940886717,8861892535fffff,8961892535bffff,Bengaluru,Bengaluru Urban,Karnataka
ATM-232,HDFC-Sim,13.023871367149837,77.55388295305669,886014594bfffff,896014594a7ffff,Bengaluru,Bengaluru Urban,Karnataka
ATM-233,SBI-Sim,12.924407560553593,77.62859840987839,88618925cdfffff,89618925cd3ffff,Bengaluru,Bengaluru Urban,Karnataka
ATM-234,HDFC-Sim,12.956816580794728,77.74721603489607,88618920e5fffff,89618920e43ffff,Bengaluru,Bengaluru Urban,Karnataka
ATM-235,BOI-Sim,12.976604974116132,77.63272217105285,8861892ed5fffff,8961892ed57ffff,Bengaluru,Bengaluru Urban,Karnataka
ATM-236,SBI-Sim,13.022396831205935,77.54123788998483,8860145951fffff,89601459503ffff,Bengaluru,Bengaluru Urban,Karnataka
ATM-237,BOI-Sim,12.925569245987157,77.63682818063842,886189251bfffff,896189251a3ffff,Bengaluru,Bengaluru Urban,Karnataka
ATM-238,HDFC-Sim,12.967484790629408,77.7424357275876,88618921dbfffff,89618921dabffff,Bengaluru,Bengaluru Urban,Karnataka
ATM-239,HDFC-Sim,12.964651701105266,77.63239562025126,8861892ed9fffff,8961892ed83ffff,Bengaluru,Bengaluru Urban,Karnataka
ATM-240,BOI-Sim,13.023351169408622,77.54126927235802,8860145951fffff,89601459503ffff,Bengaluru,Bengaluru Urban,Karnataka
ATM-241,Axis-Sim,12.92194569431294,77.61871161764526,88618925c1fffff,89618925c17ffff,Bengaluru,Bengaluru Urban,Karnataka
ATM-242,Axis-Sim,12.959039738911473,77.75265045803742,8861892033fffff,8961892032fffff,Bengaluru,Bengaluru Urban,Karnataka
ATM-243,ICICI-Sim,12.974450568198913,77.6466285705256,8861892ecbfffff,8961892ecabffff,Bengaluru,Bengaluru Urban,Karnataka
ATM-244,SBI-Sim,13.03396085230398,77.55520536681273,8860145943fffff,8960145942bffff,Bengaluru,Bengaluru Urban,Karnataka
ATM-245,PNB-Sim,12.948370638924127,77.612144549116,88618925e3fffff,89618925e27ffff,Bengaluru,Bengaluru Urban,Karnataka
ATM-246,ICICI-Sim,12.95740704329815,77.75523315045226,8861892033fffff,8961892032bffff,Bengaluru,Bengaluru Urban,Karnataka
ATM-247,HDFC-Sim,12.964875757416264,77.6524429247996,8861892535fffff,8961892535bffff,Bengaluru,Bengaluru Urban,Karnataka
ATM-248,ICICI-Sim,13.042587046509738,77.54842105728292,8860145909fffff,89601459013ffff,Bengaluru,Bengaluru Urban,Karnataka
ATM-249,PNB-Sim,12.94725301280927,77.62611974028187,88618925e1fffff,89618925e13ffff,Bengaluru,Bengaluru Urban,Karnataka
ATM-250,BOI-Sim,12.984040450196911,77.75535747818954,8861892189fffff,89618921883ffff,Bengaluru,Bengaluru Urban,Karnataka
ATM-251,PNB-Sim,12.959067016570113,77.63363246521983,8861892533fffff,8961892532fffff,Bengaluru,Bengaluru Urban,Karnataka
ATM-252,ICICI-Sim,13.040589305426119,77.56741722775766,8860145945fffff,8960145944bffff,Bengaluru,Bengaluru Urban,Karnataka
ATM-253,BOI-Sim,12.942581218115262,77.63355913747422,8861892517fffff,8961892516fffff,Bengaluru,Bengaluru Urban,Karnataka
ATM-254,Axis-Sim,12.97375521908748,77.7489703754045,88618921d1fffff,89618921d57ffff,Bengaluru,Bengaluru Urban,Karnataka
ATM-255,BOI-Sim,12.967938350313743,77.64624868651703,8861892ecbfffff,8961892ecb3ffff,Bengaluru,Bengaluru Urban,Karnataka
ATM-256,Axis-Sim,13.024606190669413,77.54847555197563,886014595dfffff,896014595c3ffff,Bengaluru,Bengaluru Urban,Karnataka
ATM-257,Axis-Sim,12.937283348282808,77.62787244752772,88618925e9fffff,89618925e97ffff,Bengaluru,Bengaluru Urban,Karnataka
ATM-258,SBI-Sim,12.975626059274035,77.76412954900476,88618921c1fffff,89618921c07ffff,Bengaluru,Bengaluru Urban,Karnataka
ATM-259,HDFC-Sim,12.964111507045416,77.63215503582305,8861892ed9fffff,8961892ed83ffff,Bengaluru,Bengaluru Urban,Karnataka
ATM-260,PNB-Sim,13.025138480617409,77.55336800765559,886014594bfffff,896014595dbffff,Bengaluru,Bengaluru Urban,Karnataka
ATM-261,ICICI-Sim,12.941351455451878,77.61231591565621,886189258dfffff,896189258c3ffff,Bengaluru,Bengaluru Urban,Karnataka
ATM-262,Axis-Sim,12.978658731242769,77.7594600709083,88618921c3fffff,89618921c23ffff,Bengaluru,Bengaluru Urban,Karnataka
ATM-263,HDFC-Sim,12.978391131025099,77.64118562804053,8861892ec3fffff,8961892ec23ffff,Bengaluru,Bengaluru Urban,Karnataka
ATM-264,Axis-Sim,13.040416306362197,77.54200245002544,886014590bfffff,896014590abffff,Bengaluru,Bengaluru Urban,Karnataka
ATM-265,PNB-Sim,12.925749982548739,77.61937522335874,88618925c1fffff,89618925c03ffff,Bengaluru,Bengaluru Urban,Karnataka
ATM-266,BOI-Sim,12.982636058962905,77.74550611494348,886189218bfffff,896189218b7ffff,Bengaluru,Bengaluru Urban,Karnataka
ATM-267,Axis-Sim,12.961588158905899,77.65189645515557,8861892535fffff,89618925353ffff,Bengaluru,Bengaluru Urban,Karnataka
ATM-268,BOI-Sim,13.02358991088608,77.5556733508848,886014594bfffff,896014594a7ffff,Bengaluru,Bengaluru Urban,Karnataka
ATM-269,PNB-Sim,12.92022534307157,77.61940468804185,88618925c9fffff,89618925c8fffff,Bengaluru,Bengaluru Urban,Karnataka
ATM-270,Axis-Sim,12.980789364673157,77.73998568363962,88618921d7fffff,89618921d6fffff,Bengaluru,Bengaluru Urban,Karnataka
ATM-271,HDFC-Sim,12.963923843742421,77.63057423726995,8861892ed9fffff,8961892ed8fffff,Bengaluru,Bengaluru Urban,Karnataka
ATM-272,BOI-Sim,13.039396033215807,77.5476716056676,8860145909fffff,8960145908fffff,Bengaluru,Bengaluru Urban,Karnataka
ATM-273,Axis-Sim,12.944958116564504,77.63033398799543,88618925edfffff,89618925ed7ffff,Bengaluru,Bengaluru Urban,Karnataka
ATM-274,SBI-Sim,12.96483970559634,77.73695212169406,88618920adfffff,89618920adbffff,Bengaluru,Bengaluru Urban,Karnataka
ATM-275,SBI-Sim,12.9640448400708,77.63352804244818,8861892ed9fffff,8961892ed83ffff,Bengaluru,Bengaluru Urban,Karnataka
ATM-276,SBI-Sim,13.014804875028105,77.56865777576587,8860145b23fffff,8960145b223ffff,Bengaluru,Bengaluru Urban,Karnataka
ATM-277,PNB-Sim,12.943974070836758,77.6362469579185,8861892517fffff,8961892516bffff,Bengaluru,Bengaluru Urban,Karnataka
ATM-278,HDFC-Sim,12.976115565010666,77.76051637713046,88618921c3fffff,89618921c33ffff,Bengaluru,Bengaluru Urban,Karnataka
ATM-279,Axis-Sim,12.96007124772964,77.62919964823932,88618925e5fffff,89618925e4bffff,Bengaluru,Bengaluru Urban,Karnataka
ATM-280,SBI-Sim,13.03082001156985,77.55338825976881,8860145943fffff,89601459423ffff,Bengaluru,Bengaluru Urban,Karnataka
ATM-281,BOI-Sim,12.929189320152203,77.62401842317057,88618925c5fffff,89618925ccfffff,Bengaluru,Bengaluru Urban,Karnataka
ATM-282,PNB-Sim,12.960310627531415,77.7375124373208,88618920e7fffff,89618920e6bffff,Bengaluru,Bengaluru Urban,Karnataka
ATM-283,BOI-Sim,12.960363400272179,77.64405010905081,8861892531fffff,89618925373ffff,Bengaluru,Bengaluru Urban,Karnataka
ATM-284,PNB-Sim,13.037721559184364,77.54517904748916,8860145909fffff,89601459087ffff,Bengaluru,Bengaluru Urban,Karnataka
ATM-285,BOI-Sim,12.939078155373643,77.62776686875397,88618925e9fffff,89618925e97ffff,Bengaluru,Bengaluru Urban,Karnataka
ATM-286,SBI-Sim,12.984474762922,77.74304161852697,886189218bfffff,896189218a7ffff,Bengaluru,Bengaluru Urban,Karnataka
ATM-287,PNB-Sim,12.981803992123215,77.63398375043846,8861892ed5fffff,8961892ed4bffff,Bengaluru,Bengaluru Urban,Karnataka
ATM-288,SBI-Sim,13.0171205324655,77.56382289293357,8860145b35fffff,8960145b35bffff,Bengaluru,Bengaluru Urban,Karnataka
ATM-289,BOI-Sim,12.939187278588117,77.63133339032716,88618925e9fffff,89618925e93ffff,Bengaluru,Bengaluru Urban,Karnataka
ATM-290,PNB-Sim,12.95888437579999,77.76354722238108,8861892031fffff,8961892030bffff,Bengaluru,Bengaluru Urban,Karnataka
ATM-291,HDFC-Sim,12.971057012994608,77.6270565418693,8861892ed1fffff,8961892ed03ffff,Bengaluru,Bengaluru Urban,Karnataka
ATM-292,SBI-Sim,13.02618165269684,77.55400764445369,886014594bfffff,896014594afffff,Bengaluru,Bengaluru Urban,Karnataka
ATM-293,BOI-Sim,12.949108388597375,77.6198586492659,88618925e1fffff,89618925e3bffff,Bengaluru,Bengaluru Urban,Karnataka
ATM-294,PNB-Sim,12.980633867764515,77.75073559514107,88618921d5fffff,89618921d4bffff,Bengaluru,Bengaluru Urban,Karnataka
ATM-295,ICICI-Sim,12.957466809004528,77.63139589855867,88618925e5fffff,89618925e5bffff,Bengaluru,Bengaluru Urban,Karnataka
ATM-296,HDFC-Sim,13.024331281305134,77.56738901078532,8860145949fffff,8960145949bffff,Bengaluru,Bengaluru Urban,Karnataka
ATM-297,Axis-Sim,12.93287483203861,77.61355265494029,88618925c7fffff,89618925c63ffff,Bengaluru,Bengaluru Urban,Karnataka
ATM-298,BOI-Sim,12.975231417761298,77.73646616451525,8861892199fffff,89618921993ffff,Bengaluru,Bengaluru Urban,Karnataka
ATM-299,SBI-Sim,13.038964250260113,80.24195470649732,88618c4f29fffff,89618c4f287ffff,Chennai,Chennai,Tamil Nadu
ATM-300,HDFC-Sim,13.081060946734162,80.19998550671214,88618c4d03fffff,89618c4d02bffff,Chennai,Chennai,Tamil Nadu
ATM-301,PNB-Sim,12.98378739319995,80.21723308243847,88618c4e63fffff,89618c4e293ffff,Chennai,Chennai,Tamil Nadu
ATM-302,HDFC-Sim,12.910490565977094,80.10242020398742,88618c459dfffff,89618c459d3ffff,Chennai,Chennai,Tamil Nadu
ATM-303,BOI-Sim,13.028806554725014,80.24827398390832,88618c4f63fffff,89618c4f637ffff,Chennai,Chennai,Tamil Nadu
ATM-304,PNB-Sim,13.073292296167788,80.21969587832955,88618c4d47fffff,89618c4d46bffff,Chennai,Chennai,Tamil Nadu
ATM-305,HDFC-Sim,12.986624605835786,80.21800664900262,88618c4e29fffff,89618c4e667ffff,Chennai,Chennai,Tamil Nadu
ATM-306,HDFC-Sim,12.932958338027387,80.08830462358964,88618c45b3fffff,89618c45b33ffff,Chennai,Chennai,Tamil Nadu
ATM-307,SBI-Sim,13.040956589076027,80.2439857706321,88618c4f29fffff,89618c4f28fffff,Chennai,Chennai,Tamil Nadu
ATM-308,PNB-Sim,13.093879439527756,80.22348761875692,88618c4d67fffff,89618c4d66fffff,Chennai,Chennai,Tamil Nadu
ATM-309,HDFC-Sim,12.985222790715088,80.23316389598119,88618c4e65fffff,89618c4e653ffff,Chennai,Chennai,Tamil Nadu
ATM-310,ICICI-Sim,12.929962918791226,80.10915883255771,88618c4587fffff,89618c4586bffff,Chennai,Chennai,Tamil Nadu
ATM-311,ICICI-Sim,13.03492337572739,80.22502004727313,88618c4f39fffff,89618c4f38bffff,Chennai,Chennai,Tamil Nadu
ATM-312,HDFC-Sim,13.098825095480004,80.19637680465408,88618c4d35fffff,89618c4d353ffff,Chennai,Chennai,Tamil Nadu
ATM-313,HDFC-Sim,12.964134952901311,80.21391302606247,88618c4e47fffff,89618c4e467ffff,Chennai,Chennai,Tamil Nadu
ATM-314,ICICI-Sim,12.939338728936518,80.10330948520604,88618c45bdfffff,89618c45b53ffff,Chennai,Chennai,Tamil Nadu
ATM-315,SBI-Sim,13.045341658503128,80.23586515738415,88618c4f23fffff,89618c4f233ffff,Chennai,Chennai,Tamil Nadu
ATM-316,ICICI-Sim,13.080805773698913,80.20054544066375,88618c4d03fffff,89618c4d02bffff,Chennai,Chennai,Tamil Nadu
ATM-317,HDFC-Sim,12.965608959984793,80.21488051018892,88618c4e47fffff,89618c4e46fffff,Chennai,Chennai,Tamil Nadu
ATM-318,PNB-Sim,12.922695277423419,80.10527232925756,88618c4583fffff,89618c4582bffff,Chennai,Chennai,Tamil Nadu
ATM-319,HDFC-Sim,13.034175547289783,80.24319325918202,88618c4f05fffff,89618c4f05bffff,Chennai,Chennai,Tamil Nadu
ATM-320,Axis-Sim,13.081028639742406,80.2055460375311,88618c4d01fffff,89618c4d00fffff,Chennai,Chennai,Tamil Nadu
ATM-321,HDFC-Sim,12.971533183937579,80.233231242824,88618c4e69fffff,89618c4e69bffff,Chennai,Chennai,Tamil Nadu
ATM-322,BOI-Sim,12.930183757361704,80.09208258916509,88618c45bbfffff,89618c45babffff,Chennai,Chennai,Tamil Nadu
ATM-323,Axis-Sim,13.051350171169085,80.23170097363403,88618c4f23fffff,89618c4d493ffff,Chennai,Chennai,Tamil Nadu
ATM-324,HDFC-Sim,13.075862514605788,80.21823488607872,88618c4d0dfffff,89618c4d0d3ffff,Chennai,Chennai,Tamil Nadu
ATM-325,SBI-Sim,12.993180238500873,80.21161216822442,88618c4e21fffff,89618c4e213ffff,Chennai,Chennai,Tamil Nadu
ATM-326,BOI-Sim,12.933087574467946,80.0954454793626,88618c45b1fffff,89618c45b17ffff,Chennai,Chennai,Tamil Nadu
ATM-327,ICICI-Sim,13.039506789137084,80.23023013799938,88618c4f3dfffff,89618c4f3dbffff,Chennai,Chennai,Tamil Nadu
ATM-328,SBI-Sim,13.088509930414048,80.2123446004336,88618c4d05fffff,89618c4d04bffff,Chennai,Chennai,Tamil Nadu
ATM-329,ICICI-Sim,12.978317921875995,80.20547279944722,88618c4e05fffff,89618c4e047ffff,Chennai,Chennai,Tamil Nadu
ATM-330,ICICI-Sim,12.928479180603228,80.11277197261009,88618c4585fffff,89618c4587bffff,Chennai,Chennai,Tamil Nadu
ATM-331,Axis-Sim,13.043373652964776,80.24045564282255,88618c4f21fffff,89618c4f217ffff,Chennai,Chennai,Tamil Nadu
ATM-332,Axis-Sim,13.07898986892188,80.21762465327281,88618c4d0dfffff,89618c4d0dbffff,Chennai,Chennai,Tamil Nadu
ATM-333,Axis-Sim,12.994087481411691,80.22969544175064,88618c4f5bfffff,89618c4f5bbffff,Chennai,Chennai,Tamil Nadu
ATM-334,BOI-Sim,12.916256282534379,80.10216754546701,88618c4583fffff,89618c45837ffff,Chennai,Chennai,Tamil Nadu
ATM-335,PNB-Sim,13.045722948617323,80.24068540443666,88618c4f21fffff,89618c4f203ffff,Chennai,Chennai,Tamil Nadu
ATM-336,Axis-Sim,13.07324274444336,80.19941583809161,88618c4d0bfffff,89618c4d0afffff,Chennai,Chennai,Tamil Nadu
ATM-337,HDFC-Sim,12.989058358000172,80.21215367676892,88618c4e29fffff,89618c4e28fffff,Chennai,Chennai,Tamil Nadu
ATM-338,PNB-Sim,12.93234110433711,80.09222538081369,88618c45b1fffff,89618c45babffff,Chennai,Chennai,Tamil Nadu
ATM-339,ICICI-Sim,13.053053034453349,80.22933153872695,88618c4d49fffff,89618c4d493ffff,Chennai,Chennai,Tamil Nadu
ATM-340,ICICI-Sim,13.088488840102574,80.20292003984255,88618c4d07fffff,89618c4d06bffff,Chennai,Chennai,Tamil Nadu
ATM-341,Axis-Sim,12.979545234637824,80.22007023656474,88618c4e63fffff,89618c4e63bffff,Chennai,Chennai,Tamil Nadu
ATM-342,ICICI-Sim,12.92229909799407,80.08897201182583,88618c4597fffff,89618c4597bffff,Chennai,Chennai,Tamil Nadu
ATM-343,ICICI-Sim,13.035088500732472,80.23524836386495,88618c4f07fffff,89618c4f2b7ffff,Chennai,Chennai,Tamil Nadu
ATM-344,Axis-Sim,13.07661896806193,80.21906412974312,88618c4d0dfffff,89618c4d0d3ffff,Chennai,Chennai,Tamil Nadu
ATM-345,PNB-Sim,12.989948155907836,80.20968264664332,88618c4e21fffff,89618c4e217ffff,Chennai,Chennai,Tamil Nadu
ATM-346,PNB-Sim,12.916263027995331,80.09925476698338,88618c459dfffff,89618c459cbffff,Chennai,Chennai,Tamil Nadu
ATM-347,PNB-Sim,13.039866011242994,80.23979668212243,88618c4f2bfffff,89618c4f2bbffff,Chennai,Chennai,Tamil Nadu
ATM-348,HDFC-Sim,13.08514267396291,80.19571562991372,88618c4d39fffff,89618c4d383ffff,Chennai,Chennai,Tamil Nadu
ATM-349,SBI-Sim,12.989046141896658,80.22350154592448,88618c4e67fffff,89618c4e66bffff,Chennai,Chennai,Tamil Nadu
ATM-350,HDFC-Sim,12.92085759126743,80.09172131547335,88618c4595fffff,89618c45947ffff,Chennai,Chennai,Tamil Nadu
ATM-351,SBI-Sim,13.050531796289073,80.24677165188383,88618c4f25fffff,89618c4f2cfffff,Chennai,Chennai,Tamil Nadu
ATM-352,BOI-Sim,13.078762692320357,80.21380009726867,88618c4d0dfffff,89618c4d0cfffff,Chennai,Chennai,Tamil Nadu
ATM-353,HDFC-Sim,12.977581940162489,80.2096749445619,88618c4e05fffff,89618c4e057ffff,Chennai,Chennai,Tamil Nadu
ATM-354,PNB-Sim,12.928319409846612,80.10236996050578,88618c45b9fffff,89618c45b9bffff,Chennai,Chennai,Tamil Nadu
ATM-355,BOI-Sim,13.05369993237524,80.24879436013707,88618c4f25fffff,89618c4f253ffff,Chennai,Chennai,Tamil Nadu
ATM-356,PNB-Sim,13.073527222570526,80.2145063474025,88618c4d09fffff,89618c4d0d7ffff,Chennai,Chennai,Tamil Nadu
ATM-357,SBI-Sim,12.990888149977366,80.20948611711047,88618c4e21fffff,89618c4e217ffff,Chennai,Chennai,Tamil Nadu
ATM-358,BOI-Sim,12.912810247085057,80.09948806672121,88618c459dfffff,89618c459c3ffff,Chennai,Chennai,Tamil Nadu
ATM-359,PNB-Sim,13.043827474392995,80.22663271754284,88618c4f3dfffff,89618c4f353ffff,Chennai,Chennai,Tamil Nadu
ATM-360,SBI-Sim,13.097315976750949,80.21944865161193,88618c4d2dfffff,89618c4d2d7ffff,Chennai,Chennai,Tamil Nadu
ATM-361,Axis-Sim,12.983928861581592,80.2321642542232,88618c4e65fffff,89618c4e653ffff,Chennai,Chennai,Tamil Nadu
ATM-362,HDFC-Sim,12.929143904652197,80.0940082904184,88618c45bbfffff,89618c45bbbffff,Chennai,Chennai,Tamil Nadu
ATM-363,PNB-Sim,13.048271822524454,80.23743635462928,88618c4f21fffff,89618c4f23bffff,Chennai,Chennai,Tamil Nadu
ATM-364,ICICI-Sim,13.095854564360092,80.22289711854125,88618c4d67fffff,89618c4d66fffff,Chennai,Chennai,Tamil Nadu
ATM-365,ICICI-Sim,12.98066915268911,80.20398060440117,88618c4e07fffff,89618c4e07bffff,Chennai,Chennai,Tamil Nadu
ATM-366,PNB-Sim,12.922606317239177,80.11315397961829,88618c4581fffff,89618c4580bffff,Chennai,Chennai,Tamil Nadu
ATM-367,SBI-Sim,13.036948931161687,80.22277508360932,88618c4f31fffff,89618c4f313ffff,Chennai,Chennai,Tamil Nadu
ATM-368,BOI-Sim,13.094452556719245,80.22373993586558,88618c4d67fffff,89618c4d66fffff,Chennai,Chennai,Tamil Nadu
ATM-369,HDFC-Sim,12.990811378059252,80.20685762831354,88618c4e2bfffff,89618c4e2abffff,Chennai,Chennai,Tamil Nadu
ATM-370,Axis-Sim,12.93809349554392,80.10213729278331,88618c45bdfffff,89618c45bcfffff,Chennai,Chennai,Tamil Nadu
ATM-371,BOI-Sim,13.04995613059359,80.24860590233885,88618c4f2dfffff,89618c4f2cfffff,Chennai,Chennai,Tamil Nadu
ATM-372,ICICI-Sim,13.084314098637343,80.20791728867962,88618c4d05fffff,89618c4d047ffff,Chennai,Chennai,Tamil Nadu
ATM-373,Axis-Sim,23.036270098061227,72.56527937911045,8842ceb4a7fffff,8942ceb4a2bffff,Ahmedabad,Ahmedabad,Gujarat
ATM-374,Axis-Sim,22.984289197492274,72.60510357020392,8842cea44dfffff,8942cea44dbffff,Ahmedabad,Ahmedabad,Gujarat
ATM-375,Axis-Sim,23.031630251103607,72.46882989533003,8842ceb559fffff,8942ceb5597ffff,Ahmedabad,Ahmedabad,Gujarat
ATM-376,PNB-Sim,23.049854631832076,72.52453237468772,8842ceb4edfffff,8942ceb4edbffff,Ahmedabad,Ahmedabad,Gujarat
ATM-377,BOI-Sim,23.04705870365635,72.56160419920107,8842ceb4abfffff,8942ceb4aa3ffff,Ahmedabad,Ahmedabad,Gujarat
ATM-378,BOI-Sim,22.982468269682645,72.5983882298177,8842cea71bfffff,8942cea71a3ffff,Ahmedabad,Ahmedabad,Gujarat
ATM-379,HDFC-Sim,23.02540359063263,72.47865562008049,8842ceb553fffff,8942ceb5533ffff,Ahmedabad,Ahmedabad,Gujarat
ATM-380,BOI-Sim,23.045535404848884,72.52183435265476,8842ceb43bfffff,8942ceb4333ffff,Ahmedabad,Ahmedabad,Gujarat
ATM-381,Axis-Sim,23.02954942143501,72.56017261556394,8842ceb59bfffff,8942ceb59b7ffff,Ahmedabad,Ahmedabad,Gujarat
ATM-382,BOI-Sim,22.9890858615886,72.60401210281066,8842cea627fffff,8942cea626fffff,Ahmedabad,Ahmedabad,Gujarat
ATM-383,HDFC-Sim,23.02974139418073,72.47473548410484,8842ceb55bfffff,8942ceb55a3ffff,Ahmedabad,Ahmedabad,Gujarat
ATM-384,SBI-Sim,23.043040511155596,72.54210319085514,8842ceb4e7fffff,8942ceb4e6bffff,Ahmedabad,Ahmedabad,Gujarat
ATM-385,PNB-Sim,23.040606542512837,72.55449876099755,8842ceb4a1fffff,8942ceb4a13ffff,Ahmedabad,Ahmedabad,Gujarat
ATM-386,BOI-Sim,22.9947876140775,72.60214726132648,8842cea623fffff,8942cea6277ffff,Ahmedabad,Ahmedabad,Gujarat
ATM-387,PNB-Sim,23.039691032881066,72.45750214418926,8842ceb73bfffff,8942ceb73afffff,Ahmedabad,Ahmedabad,Gujarat
ATM-388,PNB-Sim,23.03443410846119,72.54135094086323,8842ceb5dbfffff,8942ceb5d33ffff,Ahmedabad,Ahmedabad,Gujarat
ATM-389,SBI-Sim,23.032693416298248,72.5665144879372,8842ceb4a7fffff,8942ceb4a6fffff,Ahmedabad,Ahmedabad,Gujarat
ATM-390,PNB-Sim,22.994116025031662,72.60843095634068,8842cea449fffff,8942cea4493ffff,Ahmedabad,Ahmedabad,Gujarat
ATM-391,ICICI-Sim,23.033566645424482,72.4807608912163,8842ceb467fffff,8942ceb42d3ffff,Ahmedabad,Ahmedabad,Gujarat
ATM-392,Axis-Sim,23.04281424496431,72.53367725504951,8842ceb4e5fffff,8942ceb4e43ffff,Ahmedabad,Ahmedabad,Gujarat
ATM-393,SBI-Sim,23.02479449188555,72.5570642931122,8842ceb59bfffff,8942ceb59bbffff,Ahmedabad,Ahmedabad,Gujarat
ATM-394,Axis-Sim,23.007007897865336,72.60268161319503,8842cea607fffff,8942cea606bffff,Ahmedabad,Ahmedabad,Gujarat
ATM-395,PNB-Sim,23.035837794686124,72.45712182106372,8842ceb733fffff,8942ceb7307ffff,Ahmedabad,Ahmedabad,Gujarat
ATM-396,BOI-Sim,23.03526299500257,72.53803161918135,8842ceb5dbfffff,8942ceb5dabffff,Ahmedabad,Ahmedabad,Gujarat
ATM-397,SBI-Sim,23.049275468208513,72.55096842217468,8842ceb4a9fffff,8942ceb4a97ffff,Ahmedabad,Ahmedabad,Gujarat
ATM-398,ICICI-Sim,22.99894465569194,72.60431127343986,8842cea623fffff,8942cea6223ffff,Ahmedabad,Ahmedabad,Gujarat
ATM-399,HDFC-Sim,23.028031671371487,72.46919394039269,8842ceb559fffff,8942ceb558fffff,Ahmedabad,Ahmedabad,Gujarat
ATM-400,SBI-Sim,23.040468372984435,72.53174758542161,8842ceb4e5fffff,8942ceb5d97ffff,Ahmedabad,Ahmedabad,Gujarat
ATM-401,SBI-Sim,23.02649628086611,72.56656901001845,8842cea64dfffff,8942cea64dbffff,Ahmedabad,Ahmedabad,Gujarat
ATM-402,ICICI-Sim,23.00455744080757,72.59508384645787,8842cea62bfffff,8942cea6287ffff,Ahmedabad,Ahmedabad,Gujarat
ATM-403,SBI-Sim,23.03822568068416,72.47610853638427,8842ceb467fffff,8942ceb4673ffff,Ahmedabad,Ahmedabad,Gujarat
ATM-404,PNB-Sim,23.030884280770433,72.54171809180465,8842ceb5d3fffff,8942ceb5d3bffff,Ahmedabad,Ahmedabad,Gujarat
ATM-405,SBI-Sim,23.050563502660342,72.56463577150119,8842ceb487fffff,8942ceb486bffff,Ahmedabad,Ahmedabad,Gujarat
ATM-406,BOI-Sim,23.011184680531557,72.6169036485329,8842cea63bfffff,8942cea63bbffff,Ahmedabad,Ahmedabad,Gujarat
ATM-407,Axis-Sim,23.0285707830875,72.47597833117075,8842ceb55bfffff,8942ceb55abffff,Ahmedabad,Ahmedabad,Gujarat
ATM-408,PNB-Sim,23.043205728527496,72.52684411154341,8842ceb433fffff,8942ceb4327ffff,Ahmedabad,Ahmedabad,Gujarat
ATM-409,PNB-Sim,23.02718633406552,72.555090646203,8842ceb59bfffff,8942ceb59b3ffff,Ahmedabad,Ahmedabad,Gujarat
ATM-410,HDFC-Sim,23.008615427536547,72.6051671343584,8842cea607fffff,8942cea606fffff,Ahmedabad,Ahmedabad,Gujarat
ATM-411,SBI-Sim,23.0307000321625,72.47899914782177,8842ceb55bfffff,8942ceb55a7ffff,Ahmedabad,Ahmedabad,Gujarat
ATM-412,Axis-Sim,23.033223057004964,72.52230896311332,8842ceb437fffff,8942ceb436bffff,Ahmedabad,Ahmedabad,Gujarat
ATM-413,PNB-Sim,23.047956844494898,72.54938597593086,8842ceb4a9fffff,8942ceb4a93ffff,Ahmedabad,Ahmedabad,Gujarat
ATM-414,HDFC-Sim,23.00061883266252,72.61333733257332,8842cea635fffff,8942cea6357ffff,Ahmedabad,Ahmedabad,Gujarat
ATM-415,BOI-Sim,23.0266695012804,72.4738580237003,8842ceb551fffff,8942ceb5517ffff,Ahmedabad,Ahmedabad,Gujarat
ATM-416,ICICI-Sim,23.025229552931467,72.5331860020141,8842ceb5d5fffff,8942ceb5d57ffff,Ahmedabad,Ahmedabad,Gujarat
ATM-417,BOI-Sim,23.021916901507552,72.56129068370076,8842ceb593fffff,8942ceb5933ffff,Ahmedabad,Ahmedabad,Gujarat
ATM-418,SBI-Sim,23.007429722114622,72.60066722073174,8842cea62bfffff,8942cea62b7ffff,Ahmedabad,Ahmedabad,Gujarat
ATM-419,BOI-Sim,23.0248300537966,72.45877221703658,8842ceb737fffff,8942ceb736bffff,Ahmedabad,Ahmedabad,Gujarat
ATM-420,HDFC-Sim,23.040133809176403,72.53735103385792,8842ceb5dbfffff,8942ceb5db3ffff,Ahmedabad,Ahmedabad,Gujarat
ATM-421,PNB-Sim,23.050662723828086,72.54975313951935,8842ceb4e3fffff,8942ceb4e2fffff,Ahmedabad,Ahmedabad,Gujarat
ATM-422,BOI-Sim,23.009915292443583,72.60100751300372,8842cea607fffff,8942cea607bffff,Ahmedabad,Ahmedabad,Gujarat
ATM-423,BOI-Sim,23.02169477758019,72.46126461532054,8842ceb55dfffff,8942ceb55dbffff,Ahmedabad,Ahmedabad,Gujarat
ATM-424,ICICI-Sim,23.03958973541954,72.5368130264656,8842ceb5dbfffff,8942ceb5db3ffff,Ahmedabad,Ahmedabad,Gujarat
ATM-425,BOI-Sim,23.028137682820944,72.55109729645672,8842ceb599fffff,8942ceb5997ffff,Ahmedabad,Ahmedabad,Gujarat
ATM-426,SBI-Sim,22.998820078211313,72.58947059704374,8842cea62dfffff,8942cea628bffff,Ahmedabad,Ahmedabad,Gujarat
ATM-427,BOI-Sim,23.046527798121126,72.46128226523888,8842ceb717fffff,8942ceb716fffff,Ahmedabad,Ahmedabad,Gujarat
ATM-428,HDFC-Sim,23.04270581656856,72.53449224946799,8842ceb4e5fffff,8942ceb4e43ffff,Ahmedabad,Ahmedabad,Gujarat
ATM-429,PNB-Sim,23.032560969492966,72.56181412659133,8842ceb4a7fffff,8942ceb4a63ffff,Ahmedabad,Ahmedabad,Gujarat
ATM-430,Axis-Sim,23.008762045574127,72.59273127865656,8842cea605fffff,8942cea605bffff,Ahmedabad,Ahmedabad,Gujarat
ATM-431,HDFC-Sim,23.025557142334577,72.45946738882131,8842ceb737fffff,8942ceb736bffff,Ahmedabad,Ahmedabad,Gujarat
ATM-432,HDFC-Sim,23.036436272504503,72.51969540873262,8842ceb437fffff,8942ceb4373ffff,Ahmedabad,Ahmedabad,Gujarat
ATM-433,Axis-Sim,23.022934463630914,72.55861140542537,8842ceb59bfffff,8942ceb59abffff,Ahmedabad,Ahmedabad,Gujarat
ATM-434,SBI-Sim,23.007459078178147,72.60274848219574,8842cea607fffff,8942cea606bffff,Ahmedabad,Ahmedabad,Gujarat
ATM-435,ICICI-Sim,23.02571702958223,72.45558991122667,8842ceb737fffff,8942ceb737bffff,Ahmedabad,Ahmedabad,Gujarat
ATM-436,ICICI-Sim,23.039420263495394,72.53283197815952,8842ceb5d9fffff,8942ceb4e4bffff,Ahmedabad,Ahmedabad,Gujarat
ATM-437,BOI-Sim,23.02360122256278,72.55597951142146,8842ceb59bfffff,8942ceb59bbffff,Ahmedabad,Ahmedabad,Gujarat
ATM-438,Axis-Sim,22.99829352315284,72.61109464975986,8842cea635fffff,8942cea635bffff,Ahmedabad,Ahmedabad,Gujarat
ATM-439,Axis-Sim,23.032172093838412,72.47817738576984,8842ceb55bfffff,8942ceb55a7ffff,Ahmedabad,Ahmedabad,Gujarat
ATM-440,HDFC-Sim,23.036804068142,72.53718871168581,8842ceb5dbfffff,8942ceb5dbbffff,Ahmedabad,Ahmedabad,Gujarat
ATM-441,PNB-Sim,23.026652991154293,72.55179234978816,8842ceb599fffff,8942ceb5987ffff,Ahmedabad,Ahmedabad,Gujarat
ATM-442,SBI-Sim,22.99080384357414,72.61285873249099,8842cea449fffff,8942cea448fffff,Ahmedabad,Ahmedabad,Gujarat
ATM-443,BOI-Sim,23.038839468601257,72.46005776826685,8842ceb733fffff,8942ceb7337ffff,Ahmedabad,Ahmedabad,Gujarat
ATM-444,SBI-Sim,23.033079191283615,72.51601924946813,8842ceb435fffff,8942ceb434fffff,Ahmedabad,Ahmedabad,Gujarat
ATM-445,BOI-Sim,23.044694342864528,72.55584496833393,8842ceb4a9fffff,8942ceb4a8fffff,Ahmedabad,Ahmedabad,Gujarat
ATM-446,HDFC-Sim,22.994387294047055,72.58910807869103,8842cea62dfffff,8942cea62cfffff,Ahmedabad,Ahmedabad,Gujarat
ATM-447,BOI-Sim,26.85861867463793,80.94225318687437,883d8dcf37fffff,893d8dcf367ffff,Lucknow,Lucknow,Uttar Pradesh
ATM-448,BOI-Sim,26.837487507110755,81.0198279621458,883d8dcd8bfffff,893d8dcd8abffff,Lucknow,Lucknow,Uttar Pradesh
ATM-449,ICICI-Sim,26.874642468442477,80.93991760384364,883d8dcf3bfffff,893d8dcf3b7ffff,Lucknow,Lucknow,Uttar Pradesh
ATM-450,Axis-Sim,26.873788181982647,80.9747948745303,883d8dcc05fffff,893d8dcc05bffff,Lucknow,Lucknow,Uttar Pradesh
ATM-451,SBI-Sim,26.84648231704699,80.94613264384651,883d8dcd55fffff,893d8dcd553ffff,Lucknow,Lucknow,Uttar Pradesh
ATM-452,SBI-Sim,26.851735322945483,81.01510504679847,883d8dcdd5fffff,893d8dcdd57ffff,Lucknow,Lucknow,Uttar Pradesh
ATM-453,ICICI-Sim,26.89293858873671,80.92142133230426,883d8dcf57fffff,893d8dcf573ffff,Lucknow,Lucknow,Uttar Pradesh
ATM-454,ICICI-Sim,26.873142728863698,80.9611109011374,883d8dcc61fffff,893d8dcc607ffff,Lucknow,Lucknow,Uttar Pradesh
ATM-455,HDFC-Sim,26.840477818158504,80.93522945169262,883d8dcd47fffff,893d8dcd477ffff,Lucknow,Lucknow,Uttar Pradesh
ATM-456,Axis-Sim,26.841099729038174,81.00215508895182,883d8dcdc7fffff,893d8dcdc63ffff,Lucknow,Lucknow,Uttar Pradesh
ATM-457,ICICI-Sim,26.89945629889542,80.94257317927433,883d8dce25fffff,893d8dce27bffff,Lucknow,Lucknow,Uttar Pradesh
ATM-458,HDFC-Sim,26.869917144612735,80.96043754959958,883d8dcc67fffff,893d8dcc673ffff,Lucknow,Lucknow,Uttar Pradesh
ATM-459,BOI-Sim,26.857154168444044,80.93784648853186,883d8dcf37fffff,893d8dcf363ffff,Lucknow,Lucknow,Uttar Pradesh
ATM-460,HDFC-Sim,26.85460523856075,81.0004744535754,883d8dcdcbfffff,893d8dcdca3ffff,Lucknow,Lucknow,Uttar Pradesh
ATM-461,SBI-Sim,26.88835371771481,80.91939632414213,883d8dcf0bfffff,893d8dcf0b7ffff,Lucknow,Lucknow,Uttar Pradesh
ATM-462,BOI-Sim,26.863805225299604,80.97350188922044,883d8dcc29fffff,893d8dcc213ffff,Lucknow,Lucknow,Uttar Pradesh
ATM-463,HDFC-Sim,26.854760823341515,80.95117064484253,883d8dcd51fffff,893d8dcd513ffff,Lucknow,Lucknow,Uttar Pradesh
ATM-464,PNB-Sim,26.856736143968902,81.02361787520486,883d8dcdd1fffff,893d8dcdd07ffff,Lucknow,Lucknow,Uttar Pradesh
ATM-465,ICICI-Sim,26.88662223888436,80.93675698620538,883d8dcf11fffff,893d8dcf103ffff,Lucknow,Lucknow,Uttar Pradesh
ATM-466,BOI-Sim,26.867324004573884,80.97562057110673,883d8dcc29fffff,893d8dcc287ffff,Lucknow,Lucknow,Uttar Pradesh
ATM-467,Axis-Sim,26.864565713441653,80.93890809473979,883d8dcf33fffff,893d8dcf33bffff,Lucknow,Lucknow,Uttar Pradesh
ATM-468,BOI-Sim,26.861135853703235,81.01383004992714,883d8dcdd9fffff,893d8dcdd83ffff,Lucknow,Lucknow,Uttar Pradesh
ATM-469,ICICI-Sim,26.90201373915058,80.92669660801718,883d8dcf53fffff,893d8dcf533ffff,Lucknow,Lucknow,Uttar Pradesh
ATM-470,Axis-Sim,26.87623491171549,80.96002177167206,883d8dcc61fffff,893d8dcc617ffff,Lucknow,Lucknow,Uttar Pradesh
ATM-471,HDFC-Sim,26.83765092077433,80.94641488081407,883d8dcd09fffff,893d8dcd087ffff,Lucknow,Lucknow,Uttar Pradesh
ATM-472,PNB-Sim,26.83581135591898,81.02550558684506,883d8dcd83fffff,893d8dcd823ffff,Lucknow,Lucknow,Uttar Pradesh
ATM-473,HDFC-Sim,26.896266693702103,80.93309828440756,883d8dcf19fffff,893d8dcf197ffff,Lucknow,Lucknow,Uttar Pradesh
ATM-474,HDFC-Sim,26.882666227851296,80.95799989648093,883d8dcc6bfffff,893d8dcc6b3ffff,Lucknow,Lucknow,Uttar Pradesh
ATM-475,Axis-Sim,26.855045319336128,80.93724931198535,883d8dcf37fffff,893d8dcf36bffff,Lucknow,Lucknow,Uttar Pradesh
ATM-476,ICICI-Sim,26.851789447175694,81.01565293403755,883d8dcdd5fffff,893d8dcdd57ffff,Lucknow,Lucknow,Uttar Pradesh
ATM-477,ICICI-Sim,26.901686654729822,80.93864669224465,883d8dce25fffff,893d8dce243ffff,Lucknow,Lucknow,Uttar Pradesh
ATM-478,BOI-Sim,26.869115384300045,80.98632663956207,883d8dcc2bfffff,893d8dcc2a7ffff,Lucknow,Lucknow,Uttar Pradesh
ATM-479,SBI-Sim,26.853381615229587,80.94465051609873,883d8dcd5dfffff,893d8dcd5d7ffff,Lucknow,Lucknow,Uttar Pradesh
ATM-480,BOI-Sim,26.85995726479783,81.0283938428349,883d8dcdd3fffff,893d8dcddafffff,Lucknow,Lucknow,Uttar Pradesh
ATM-481,SBI-Sim,26.88483239061406,80.92573009197244,883d8dcf1dfffff,893d8dcf1dbffff,Lucknow,Lucknow,Uttar Pradesh
ATM-482,PNB-Sim,26.881761289682437,80.9648821119103,883d8dcc6bfffff,893d8dcc6a7ffff,Lucknow,Lucknow,Uttar Pradesh
ATM-483,ICICI-Sim,26.859127217857427,80.9465930633229,883d8dcd59fffff,893d8dcd583ffff,Lucknow,Lucknow,Uttar Pradesh
ATM-484,Axis-Sim,26.839487052820957,81.00169326408987,883d8dcdc7fffff,893d8dcdc63ffff,Lucknow,Lucknow,Uttar Pradesh
ATM-485,BOI-Sim,26.892664655254375,80.93324084331286,883d8dcf19fffff,893d8dcf183ffff,Lucknow,Lucknow,Uttar Pradesh
ATM-486,Axis-Sim,26.86631299407662,80.9602279046597,883d8dcc67fffff,893d8dcc67bffff,Lucknow,Lucknow,Uttar Pradesh
ATM-487,Axis-Sim,26.84993794043588,80.94517159218987,883d8dcd5dfffff,893d8dcd5cfffff,Lucknow,Lucknow,Uttar Pradesh
ATM-488,SBI-Sim,26.85022699144349,81.01811773364338,883d8dcdd5fffff,893d8dcdd47ffff,Lucknow,Lucknow,Uttar Pradesh
ATM-489,ICICI-Sim,26.874623956541484,80.92684442719236,883d8dcf39fffff,893d8dcf393ffff,Lucknow,Lucknow,Uttar Pradesh
ATM-490,ICICI-Sim,26.8728940922899,80.96107445736023,883d8dcc61fffff,893d8dcc60fffff,Lucknow,Lucknow,Uttar Pradesh
ATM-491,HDFC-Sim,26.854938939497018,80.95181594019235,883d8dcd51fffff,893d8dcd513ffff,Lucknow,Lucknow,Uttar Pradesh
ATM-492,PNB-Sim,26.837224195067314,81.0072765117229,883d8dcd8dfffff,893d8dcd8d7ffff,Lucknow,Lucknow,Uttar Pradesh
ATM-493,PNB-Sim,26.885527534008954,80.938394619577,883d8dcf11fffff,893d8dcf103ffff,Lucknow,Lucknow,Uttar Pradesh
ATM-494,SBI-Sim,26.890197201910002,80.97448319599138,883d8dcc09fffff,893d8dcc093ffff,Lucknow,Lucknow,Uttar Pradesh
ATM-495,Axis-Sim,26.836927132783625,80.95956486349075,883d8dcd1dfffff,893d8dcd1dbffff,Lucknow,Lucknow,Uttar Pradesh
ATM-496,Axis-Sim,26.857024363349666,81.01093096636859,883d8dcdddfffff,893d8dcddd7ffff,Lucknow,Lucknow,Uttar Pradesh
ATM-497,BOI-Sim,26.901133590248396,80.92119168629772,883d8dcf51fffff,893d8dcf507ffff,Lucknow,Lucknow,Uttar Pradesh
ATM-498,Axis-Sim,26.88653051767355,80.97542538449878,883d8dcc09fffff,893d8dcc08bffff,Lucknow,Lucknow,Uttar Pradesh
ATM-499,PNB-Sim,26.840529365758808,80.95029269587708,883d8dcd0bfffff,893d8dcd0b3ffff,Lucknow,Lucknow,Uttar Pradesh
ATM-500,ICICI-Sim,26.844416560030133,81.00556892992826,883d8dcdc3fffff,893d8dcdc2bffff,Lucknow,Lucknow,Uttar Pradesh
ATM-501,BOI-Sim,26.88940854926812,80.94118503481862,883d8dcf11fffff,893d8dcf1abffff,Lucknow,Lucknow,Uttar Pradesh
ATM-502,Axis-Sim,26.870890267891472,80.95931011089274,883d8dcc61fffff,893d8dcc60fffff,Lucknow,Lucknow,Uttar Pradesh
ATM-503,PNB-Sim,26.86105979759476,80.93980540238545,883d8dcf37fffff,893d8dcf377ffff,Lucknow,Lucknow,Uttar Pradesh
ATM-504,ICICI-Sim,26.85252329090008,81.01740626145164,883d8dcdd1fffff,893d8dcdd57ffff,Lucknow,Lucknow,Uttar Pradesh
ATM-505,Axis-Sim,26.875698599225387,80.9448693479087,883d8dcc6dfffff,893d8dcc6d3ffff,Lucknow,Lucknow,Uttar Pradesh
ATM-506,BOI-Sim,26.88008675632224,80.98402745617031,883d8dcc01fffff,893d8dcc00fffff,Lucknow,Lucknow,Uttar Pradesh
ATM-507,ICICI-Sim,26.860245289929043,80.95082192751588,883d8dcd59fffff,893d8dcd587ffff,Lucknow,Lucknow,Uttar Pradesh
ATM-508,PNB-Sim,26.859741720033668,81.01947211721541,883d8dcdd1fffff,893d8dcdd17ffff,Lucknow,Lucknow,Uttar Pradesh
ATM-509,PNB-Sim,26.88269959430453,80.92619879556077,883d8dcf1dfffff,893d8dcf037ffff,Lucknow,Lucknow,Uttar Pradesh
ATM-510,PNB-Sim,26.882908292229754,80.96955041862321,883d8dcc0dfffff,893d8dcc0d3ffff,Lucknow,Lucknow,Uttar Pradesh
ATM-511,BOI-Sim,26.851745452171983,80.93545263556376,883d8dcd4bfffff,893d8dcd4a3ffff,Lucknow,Lucknow,Uttar Pradesh
ATM-512,ICICI-Sim,26.85885564419529,81.02447229700586,883d8dcddbfffff,893d8dcddabffff,Lucknow,Lucknow,Uttar Pradesh
ATM-513,PNB-Sim,26.903263951801993,80.93011688615569,883d8dcf53fffff,893d8dcf537ffff,Lucknow,Lucknow,Uttar Pradesh
ATM-514,Axis-Sim,26.875728427381887,80.97601185129125,883d8dcc05fffff,893d8dcc043ffff,Lucknow,Lucknow,Uttar Pradesh
ATM-515,PNB-Sim,26.84899991672209,80.93889961592099,883d8dcd43fffff,893d8dcd4afffff,Lucknow,Lucknow,Uttar Pradesh
ATM-516,PNB-Sim,26.86135755093011,81.00269906774402,883d8dcc37fffff,893d8dcc37bffff,Lucknow,Lucknow,Uttar Pradesh
ATM-517,SBI-Sim,26.893099310098723,80.93198657437293,883d8dcf19fffff,893d8dcf183ffff,Lucknow,Lucknow,Uttar Pradesh
ATM-518,PNB-Sim,26.889615704757176,80.96218740815303,883d8dcc47fffff,893d8dcc473ffff,Lucknow,Lucknow,Uttar Pradesh
ATM-519,Axis-Sim,26.835047674044993,80.95077383824253,883d8dcd01fffff,893d8dcd017ffff,Lucknow,Lucknow,Uttar Pradesh
ATM-520,HDFC-Sim,26.8599728337464,81.0125415919754,883d8dcdd9fffff,893d8dcdd9bffff,Lucknow,Lucknow,Uttar Pradesh
