complaintId,fraudType,amountPaise,complaintTimestamp,victimLat,victimLon,victimH3R8,city,district,state
C-00001,QR_FRAUD,6529613,2026-08-05T19:28:14.273081+00:00,13.031927258523096,80.24455095409233,88618c4f05fffff,Chennai,Chennai,Tamil Nadu
C-00002,PHISHING,10296340,2026-07-24T11:41:22.975970+00:00,13.08614916575151,80.19120820181094,88618c4d39fffff,Chennai,Chennai,Tamil Nadu
C-00003,PHISHING,98021118,2026-07-10T09:45:05.102175+00:00,13.091239962708089,80.20358092005564,88618c4d2bfffff,Chennai,Chennai,Tamil Nadu
C-00004,QR_FRAUD,81060016,2026-06-19T18:57:59.921821+00:00,23.041388377521837,72.56692993088892,8842ceb4a3fffff,Ahmedabad,Ahmedabad,Gujarat
C-00005,QR_FRAUD,3557071,2026-08-17T18:28:52.662340+00:00,17.44890245690965,78.3877975777055,8860a259b1fffff,Hyderabad,Hyderabad,Telangana
C-00006,JOB_SCAM,3898520,2026-07-07T15:51:42.653879+00:00,28.633850230484324,77.19805671331919,883da11441fffff,Delhi,New Delhi,Delhi
C-00007,UPI_FRAUD,17364356,2026-08-14T20:07:24.145399+00:00,13.03674336840751,80.24736465690528,88618c4f29fffff,Chennai,Chennai,Tamil Nadu
C-00008,JOB_SCAM,7960576,2026-07-23T13:06:38.446346+00:00,28.54913335630468,77.26257793944417,883da115a7fffff,Delhi,New Delhi,Delhi
C-00009,JOB_SCAM,2790707,2026-08-24T12:14:48.604025+00:00,28.6707208891971,77.20602693758259,883da11615fffff,Delhi,New Delhi,Delhi
C-00010,QR_FRAUD,4682171,2026-07-28T15:41:56.176942+00:00,13.031478348233605,77.55752985248849,8860145943fffff,Bengaluru,Bengaluru Urban,Karnataka
C-00011,INVESTMENT_SCAM,2949076327,2026-08-04T12:21:19.997913+00:00,12.973031866112466,80.23107278888962,88618c4e69fffff,Chennai,Chennai,Tamil Nadu
C-00012,PHISHING,53315760,2026-07-13T10:26:52.976115+00:00,28.624077886877675,77.20200544136793,883da1146bfffff,Delhi,New Delhi,Delhi
C-00013,CARD_FRAUD,40524001,2026-06-12T22:41:09.122884+00:00,17.381126049136423,78.54231990799856,8860b52e9dfffff,Hyderabad,Hyderabad,Telangana
C-00014,JOB_SCAM,10837591,2026-09-07T13:37:48.772084+00:00,12.925814859657459,80.08735681898497,88618c45bbfffff,Chennai,Chennai,Tamil Nadu
C-00015,UPI_FRAUD,9697100,2026-07-27T21:52:55.917272+00:00,12.91661767742858,80.09949358269422,88618c459dfffff,Chennai,Chennai,Tamil Nadu
C-00016,CARD_FRAUD,216259248,2026-06-08T23:32:13.849177+00:00,17.441529750362168,78.37105060836083,8860a24a6dfffff,Hyderabad,Hyderabad,Telangana
C-00017,JOB_SCAM,20187309,2026-09-07T10:52:19.704944+00:00,28.60732937359278,77.03998206989557,883da1123bfffff,Delhi,New Delhi,Delhi
C-00018,QR_FRAUD,4631978,2026-06-07T13:11:36.842303+00:00,13.049443701683808,80.2167498894344,88618c4f37fffff,Chennai,Chennai,Tamil Nadu
C-00019,UPI_FRAUD,11153191,2026-09-02T14:12:29.967766+00:00,26.863946912746517,80.96005975100294,883d8dcc67fffff,Lucknow,Lucknow,Uttar Pradesh
C-00020,UPI_FRAUD,39550059,2026-08-02T04:00:03.552752+00:00,23.036382588646674,72.45250728066578,8842ceb731fffff,Ahmedabad,Ahmedabad,Gujarat
C-00021,INVESTMENT_SCAM,505860991,2026-09-08T14:52:29.076779+00:00,26.865610886952727,80.94274260618936,883d8dcf33fffff,Lucknow,Lucknow,Uttar Pradesh
C-00022,QR_FRAUD,25169409,2026-07-31T13:23:02.464985+00:00,12.90600020305841,80.11068036000394,88618c45d5fffff,Chennai,Chennai,Tamil Nadu
C-00023,INVESTMENT_SCAM,109085853,2026-06-17T06:38:41.121432+00:00,19.21428638239322,72.8585712406382,88608b4717fffff,Mumbai,Mumbai Suburban,Maharashtra
C-00024,CARD_FRAUD,230194841,2026-06-15T21:29:03.681033+00:00,23.038751782816636,72.459810428501,8842ceb733fffff,Ahmedabad,Ahmedabad,Gujarat
C-00025,UPI_FRAUD,20049202,2026-06-02T21:26:12.987419+00:00,19.006546320034808,72.85190418890696,88608b1993fffff,Mumbai,Mumbai Suburban,Maharashtra
C-00026,INVESTMENT_SCAM,54938398,2026-08-25T12:09:15.918876+00:00,17.42538843461721,78.4939140472563,8860b52c9bfffff,Hyderabad,Hyderabad,Telangana
C-00027,JOB_SCAM,17752330,2026-08-10T15:06:41.959030+00:00,19.130184191966016,72.84837464046987,88608b0965fffff,Mumbai,Mumbai Suburban,Maharashtra
C-00028,INVESTMENT_SCAM,1565579583,2026-06-18T02:33:52.137450+00:00,12.977389941941308,77.76007199390382,88618921c3fffff,Bengaluru,Bengaluru Urban,Karnataka
C-00029,CARD_FRAUD,33422811,2026-06-26T01:30:42.124324+00:00,12.972689344793098,77.62254653591555,8861892ed3fffff,Bengaluru,Bengaluru Urban,Karnataka
C-00030,CARD_FRAUD,185862346,2026-07-08T23:40:33.507136+00:00,12.96052464622718,77.65948353001157,8861892523fffff,Bengaluru,Bengaluru Urban,Karnataka
C-00031,CARD_FRAUD,18676471,2026-09-11T01:18:47.380923+00:00,13.046182858780902,77.56804067155986,8860145969fffff,Bengaluru,Bengaluru Urban,Karnataka
C-00032,JOB_SCAM,3766746,2026-08-06T09:14:43.504495+00:00,12.916437766336763,77.60976703222728,88618925ddfffff,Bengaluru,Bengaluru Urban,Karnataka
C-00033,QR_FRAUD,24169538,2026-06-05T19:37:49.383182+00:00,26.873965658780627,80.94411252430146,883d8dcc6dfffff,Lucknow,Lucknow,Uttar Pradesh
C-00034,UPI_FRAUD,19537923,2026-06-05T21:30:52.708326+00:00,28.590148116444574,77.06547178287224,883da1105bfffff,Delhi,New Delhi,Delhi
C-00035,CARD_FRAUD,13407943,2026-07-25T20:38:22.181611+00:00,23.02322104487771,72.47514658073052,8842ceb551fffff,Ahmedabad,Ahmedabad,Gujarat
C-00036,UPI_FRAUD,11618126,2026-08-26T20:14:03.004869+00:00,19.248562152078673,72.84551719250916,88608b4557fffff,Mumbai,Mumbai Suburban,Maharashtra
C-00037,JOB_SCAM,11083399,2026-09-03T12:37:20.498901+00:00,19.004624619916974,72.83885238264689,88608b0a47fffff,Mumbai,Mumbai Suburban,Maharashtra
C-00038,PHISHING,227497507,2026-07-30T09:49:07.170760+00:00,23.03159999330682,72.57943410273678,8842cea641fffff,Ahmedabad,Ahmedabad,Gujarat
C-00039,UPI_FRAUD,38744910,2026-07-28T01:45:27.893624+00:00,19.020978598836333,72.82636683312793,88608b0a07fffff,Mumbai,Mumbai Suburban,Maharashtra
C-00040,JOB_SCAM,15146498,2026-09-03T06:34:24.470337+00:00,12.928987989956331,80.10184310687555,88618c45b9fffff,Chennai,Chennai,Tamil Nadu
C-00041,QR_FRAUD,21891863,2026-07-09T17:57:01.802429+00:00,28.650170321775075,77.209670335015,883da11637fffff,Delhi,New Delhi,Delhi
C-00042,PHISHING,34523460,2026-09-10T11:25:21.510654+00:00,28.536952914538237,77.2693070210989,883da10745fffff,Delhi,New Delhi,Delhi
C-00043,INVESTMENT_SCAM,341227915,2026-06-02T18:22:57.001600+00:00,22.995901996254247,72.61166267767409,8842cea635fffff,Ahmedabad,Ahmedabad,Gujarat
C-00044,PHISHING,70661876,2026-06-12T02:45:54.451902+00:00,23.04329837014626,72.55235578247101,8842ceb4a9fffff,Ahmedabad,Ahmedabad,Gujarat
C-00045,QR_FRAUD,10585253,2026-08-21T00:47:02.534030+00:00,26.881623296464458,80.94281250627975,883d8dcf17fffff,Lucknow,Lucknow,Uttar Pradesh
C-00046,UPI_FRAUD,17339878,2026-09-09T21:19:33.334789+00:00,17.454930417545913,78.4974464204156,8860b52cb3fffff,Hyderabad,Hyderabad,Telangana
C-00047,UPI_FRAUD,8503105,2026-06-30T20:41:17.187715+00:00,19.109810801019556,72.8431562408878,88608b0945fffff,Mumbai,Mumbai Suburban,Maharashtra
C-00048,JOB_SCAM,7140956,2026-06-23T09:49:43.695102+00:00,28.595344539547913,77.05070126706573,883da11233fffff,Delhi,New Delhi,Delhi
C-00049,INVESTMENT_SCAM,11020650908,2026-07-07T13:23:42.901580+00:00,26.84433928319903,81.00873429650319,883d8dcd89fffff,Lucknow,Lucknow,Uttar Pradesh
C-00050,UPI_FRAUD,6681400,2026-07-20T20:05:48.009090+00:00,28.61271743217955,77.21897421444798,883da11405fffff,Delhi,New Delhi,Delhi
C-00051,CARD_FRAUD,368854483,2026-08-20T04:34:53.623328+00:00,26.87361551719321,80.98533994179144,883d8dcc07fffff,Lucknow,Lucknow,Uttar Pradesh
C-00052,CARD_FRAUD,370587240,2026-09-01T03:45:08.044333+00:00,19.05800037509024,72.90462887221706,88608b56d7fffff,Mumbai,Mumbai Suburban,Maharashtra
C-00053,QR_FRAUD,11692605,2026-07-02T20:20:18.364657+00:00,19.035453443962723,72.85837008306345,88608b0b59fffff,Mumbai,Mumbai Suburban,Maharashtra
C-00054,UPI_FRAUD,17946801,2026-09-13T17:54:31.691205+00:00,28.653239364915407,77.17806403729854,883da11621fffff,Delhi,New Delhi,Delhi
C-00055,INVESTMENT_SCAM,43156421,2026-08-17T12:27:15.567835+00:00,13.036543755043606,77.5701840089063,8860145945fffff,Bengaluru,Bengaluru Urban,Karnataka
C-00056,QR_FRAUD,3867689,2026-07-27T21:16:27.902987+00:00,12.958913274771843,77.6235091972845,8861892edbfffff,Bengaluru,Bengaluru Urban,Karnataka
C-00057,INVESTMENT_SCAM,65801459,2026-08-27T11:42:24.837228+00:00,12.985892131729985,80.20633625926219,88618c4e2bfffff,Chennai,Chennai,Tamil Nadu
C-00058,CARD_FRAUD,53136589,2026-07-31T00:09:18.585078+00:00,12.921714005713048,77.60456947400192,88618925ddfffff,Bengaluru,Bengaluru Urban,Karnataka
C-00059,PHISHING,5108705,2026-06-02T09:57:27.901937+00:00,12.99053821836115,77.64694643899728,8861892eebfffff,Bengaluru,Bengaluru Urban,Karnataka
C-00060,JOB_SCAM,9238175,2026-07-10T01:09:30.238153+00:00,28.536147576862888,77.26427860152407,883da10293fffff,Delhi,New Delhi,Delhi
C-00061,UPI_FRAUD,47654549,2026-07-24T20:56:07.722424+00:00,23.055463343014186,72.5287029739329,8842ceb4e9fffff,Ahmedabad,Ahmedabad,Gujarat
C-00062,UPI_FRAUD,12439483,2026-08-20T19:41:38.013697+00:00,19.12343402858086,72.83870602483516,88608b0963fffff,Mumbai,Mumbai Suburban,Maharashtra
C-00063,PHISHING,2818248,2026-07-06T10:10:12.377983+00:00,23.02953123716194,72.53334734108046,8842ceb5d1fffff,Ahmedabad,Ahmedabad,Gujarat
C-00064,QR_FRAUD,12597613,2026-09-04T19:59:20.181870+00:00,26.907445563794465,80.91416293854553,883d8dcf59fffff,Lucknow,Lucknow,Uttar Pradesh
C-00065,INVESTMENT_SCAM,214978634,2026-08-05T15:25:15.983093+00:00,17.43422828333243,78.35969285449994,8860a24a6bfffff,Hyderabad,Hyderabad,Telangana
C-00066,CARD_FRAUD,32902220,2026-09-02T08:14:17.179955+00:00,28.671065206494465,77.17799804014342,883da1160dfffff,Delhi,New Delhi,Delhi
C-00067,INVESTMENT_SCAM,40274470,2026-06-23T12:33:27.732394+00:00,26.873715162953065,80.94049685707535,883d8dcf3bfffff,Lucknow,Lucknow,Uttar Pradesh
C-00068,JOB_SCAM,13088643,2026-07-17T14:40:40.177832+00:00,26.900780728522506,80.91995416189943,883d8dcf51fffff,Lucknow,Lucknow,Uttar Pradesh
C-00069,UPI_FRAUD,104101812,2026-07-03T04:45:05.722621+00:00,19.019956923557494,72.82424368986933,88608b0a07fffff,Mumbai,Mumbai Suburban,Maharashtra
C-00070,UPI_FRAUD,47047710,2026-06-10T01:39:23.422809+00:00,17.47528908323895,78.42418399651382,8860b196d7fffff,Hyderabad,Hyderabad,Telangana
C-00071,JOB_SCAM,8651503,2026-07-18T02:50:00.837372+00:00,26.841123879320417,81.02651435680302,883d8dcd9dfffff,Lucknow,Lucknow,Uttar Pradesh
C-00072,UPI_FRAUD,6099291,2026-06-02T05:26:30.347830+00:00,28.549719919970098,77.24442747701934,883da102d3fffff,Delhi,New Delhi,Delhi
C-00073,INVESTMENT_SCAM,158325393,2026-07-20T12:08:49.621417+00:00,19.00829438923955,72.83672307564972,88608b0a47fffff,Mumbai,Mumbai Suburban,Maharashtra
C-00074,UPI_FRAUD,20282597,2026-06-15T18:47:15.284532+00:00,22.993927488827882,72.61881293056487,8842cea44bfffff,Ahmedabad,Ahmedabad,Gujarat
C-00075,JOB_SCAM,12768896,2026-06-15T12:56:33.875834+00:00,12.96452553133286,77.65146516025717,8861892535fffff,Bengaluru,Bengaluru Urban,Karnataka
C-00076,PHISHING,6046922,2026-08-05T07:41:02.305686+00:00,23.02846730048508,72.51056018121496,8842ceb5c9fffff,Ahmedabad,Ahmedabad,Gujarat
C-00077,PHISHING,16898409,2026-06-22T11:47:10.198047+00:00,26.87900869075884,80.95878562245919,883d8dcc6bfffff,Lucknow,Lucknow,Uttar Pradesh
C-00078,UPI_FRAUD,51013818,2026-09-03T21:54:28.366123+00:00,19.237442146129595,72.85413925157219,88608b4559fffff,Mumbai,Mumbai Suburban,Maharashtra
C-00079,PHISHING,32872319,2026-06-05T10:22:26.176897+00:00,26.873374721018088,80.91699931925402,883d8dcf07fffff,Lucknow,Lucknow,Uttar Pradesh
C-00080,PHISHING,15380053,2026-06-30T11:22:35.472238+00:00,13.025546320332287,80.24027363207115,88618c4f01fffff,Chennai,Chennai,Tamil Nadu
C-00081,PHISHING,45749175,2026-06-06T17:36:33.393741+00:00,28.625588874140423,77.22573148788102,883da11401fffff,Delhi,New Delhi,Delhi
C-00082,UPI_FRAUD,57006362,2026-08-24T19:55:36.086138+00:00,26.850797433761993,80.94049339239918,883d8dcd5dfffff,Lucknow,Lucknow,Uttar Pradesh
C-00083,INVESTMENT_SCAM,277906752,2026-06-28T12:58:48.553251+00:00,12.957032167157076,77.62914037264859,88618925e5fffff,Bengaluru,Bengaluru Urban,Karnataka
C-00084,PHISHING,17951968,2026-06-09T11:54:52.594128+00:00,23.028872724366337,72.55961652876876,8842ceb59bfffff,Ahmedabad,Ahmedabad,Gujarat
C-00085,CARD_FRAUD,33788437,2026-06-29T03:17:18.304468+00:00,19.220276855318403,72.8432395489519,88608b4461fffff,Mumbai,Mumbai Suburban,Maharashtra
C-00086,PHISHING,68701091,2026-06-22T23:33:07.675569+00:00,28.633418424489218,77.1766862235081,883da1171bfffff,Delhi,New Delhi,Delhi
C-00087,CARD_FRAUD,41058968,2026-06-06T03:05:44.108421+00:00,13.09593986873582,80.22029293675399,88618c4d2dfffff,Chennai,Chennai,Tamil Nadu
C-00088,QR_FRAUD,3606481,2026-07-20T18:49:41.180266+00:00,12.967401804074433,77.75972636966952,88618921cbfffff,Bengaluru,Bengaluru Urban,Karnataka
C-00089,PHISHING,9309380,2026-09-08T10:14:18.636796+00:00,28.541366557309978,77.24746879261212,883da10299fffff,Delhi,New Delhi,Delhi
C-00090,INVESTMENT_SCAM,74627805,2026-06-24T11:39:14.447484+00:00,12.922875985657324,80.08398207263167,88618c4597fffff,Chennai,Chennai,Tamil Nadu
C-00091,CARD_FRAUD,7246756,2026-08-28T01:20:22.143035+00:00,19.059108916861224,72.88256614165307,88608b5693fffff,Mumbai,Mumbai Suburban,Maharashtra
C-00092,PHISHING,81383375,2026-06-12T00:16:22.201731+00:00,17.428105221484604,78.51634038354645,8860b52c8bfffff,Hyderabad,Hyderabad,Telangana
C-00093,PHISHING,171693198,2026-07-21T11:33:08.482552+00:00,17.47109320672401,78.4282694891337,8860b196d1fffff,Hyderabad,Hyderabad,Telangana
C-00094,PHISHING,38280714,2026-08-03T11:30:50.792953+00:00,28.611560450489673,77.06110843896946,883da112ebfffff,Delhi,New Delhi,Delhi
C-00095,INVESTMENT_SCAM,495276610,2026-08-21T16:31:12.100972+00:00,12.937203597769203,77.6151746788545,88618925c7fffff,Bengaluru,Bengaluru Urban,Karnataka
C-00096,PHISHING,159194178,2026-06-22T10:45:50.344503+00:00,17.43924252095492,78.50810947214778,8860b52c95fffff,Hyderabad,Hyderabad,Telangana
C-00097,UPI_FRAUD,4069265,2026-07-31T01:01:32.961866+00:00,28.549085570915143,77.24556634926785,883da102d3fffff,Delhi,New Delhi,Delhi
C-00098,UPI_FRAUD,18573561,2026-09-10T23:58:58.736232+00:00,12.971504951808313,77.64853277098139,8861892ecbfffff,Bengaluru,Bengaluru Urban,Karnataka
C-00099,QR_FRAUD,27556852,2026-07-10T10:16:30.181584+00:00,12.930481014977866,80.09798039541371,88618c45b9fffff,Chennai,Chennai,Tamil Nadu
C-00100,JOB_SCAM,8164604,2026-06-21T11:58:04.780954+00:00,12.98409204349797,80.22645793405492,88618c4e67fffff,Chennai,Chennai,Tamil Nadu
C-00101,INVESTMENT_SCAM,197638761,2026-06-24T19:37:00.164962+00:00,23.021967899974346,72.52129020427012,8842ceb5c3fffff,Ahmedabad,Ahmedabad,Gujarat
C-00102,INVESTMENT_SCAM,795254569,2026-09-12T18:54:13.928476+00:00,26.901829176808615,80.95024152702098,883d8dce27fffff,Lucknow,Lucknow,Uttar Pradesh
C-00103,QR_FRAUD,43665845,2026-08-07T17:15:32.785001+00:00,26.854656960952585,80.92708927519882,883d8dcf35fffff,Lucknow,Lucknow,Uttar Pradesh
C-00104,JOB_SCAM,16145034,2026-08-19T05:29:56.483569+00:00,17.434782889213107,78.38487975556939,8860a25995fffff,Hyderabad,Hyderabad,Telangana
C-00105,QR_FRAUD,4376569,2026-07-27T20:18:50.374927+00:00,28.621103963192844,77.22775809035346,883da11407fffff,Delhi,New Delhi,Delhi
C-00106,UPI_FRAUD,53130023,2026-06-03T07:40:26.485703+00:00,28.592814057545667,77.03311825347296,883da11231fffff,Delhi,New Delhi,Delhi
C-00107,JOB_SCAM,4114480,2026-07-31T12:41:35.400010+00:00,28.53569047566824,77.24184021575314,883da1029dfffff,Delhi,New Delhi,Delhi
C-00108,PHISHING,127511720,2026-06-01T11:43:08.133517+00:00,12.923370626978642,77.61131476557689,88618925c3fffff,Bengaluru,Bengaluru Urban,Karnataka
C-00109,QR_FRAUD,3607072,2026-06-02T05:56:03.190246+00:00,12.934393735007673,77.64101862099541,8861892511fffff,Bengaluru,Bengaluru Urban,Karnataka
C-00110,JOB_SCAM,2144971,2026-08-28T04:56:17.719586+00:00,12.96434719779256,77.76499094583757,8861892035fffff,Bengaluru,Bengaluru Urban,Karnataka
C-00111,JOB_SCAM,11390557,2026-08-07T11:13:53.199443+00:00,26.86445509386677,80.95883736674112,883d8dcc67fffff,Lucknow,Lucknow,Uttar Pradesh
C-00112,INVESTMENT_SCAM,333720983,2026-08-13T12:42:25.052969+00:00,19.06635118565503,72.91150109891524,88608b5681fffff,Mumbai,Mumbai Suburban,Maharashtra
C-00113,JOB_SCAM,13955033,2026-08-13T14:44:50.711174+00:00,28.565963910786536,77.25355243736635,883da11585fffff,Delhi,New Delhi,Delhi
C-00114,JOB_SCAM,17522883,2026-08-11T19:57:50.734147+00:00,17.472597415398006,78.40832302388745,8860b1969bfffff,Hyderabad,Hyderabad,Telangana
C-00115,JOB_SCAM,27989773,2026-06-18T07:31:48.158743+00:00,12.978862432682865,77.62962485498018,8861892ed5fffff,Bengaluru,Bengaluru Urban,Karnataka
C-00116,QR_FRAUD,29292842,2026-06-11T15:26:21.526530+00:00,23.037101517218833,72.56130362190379,8842ceb4a7fffff,Ahmedabad,Ahmedabad,Gujarat
C-00117,JOB_SCAM,5915692,2026-07-19T13:21:00.051295+00:00,23.03926206774755,72.45069312326316,8842ceb739fffff,Ahmedabad,Ahmedabad,Gujarat
C-00118,INVESTMENT_SCAM,482746809,2026-08-28T16:27:35.162157+00:00,23.028614481187685,72.54185436073044,8842ceb5d3fffff,Ahmedabad,Ahmedabad,Gujarat
C-00119,UPI_FRAUD,22763995,2026-08-28T08:51:20.671553+00:00,13.025351755597612,80.23142625011114,88618c4f03fffff,Chennai,Chennai,Tamil Nadu
C-00120,CARD_FRAUD,362684048,2026-07-30T03:13:43.560590+00:00,19.127651955799124,72.83270555515737,88608b0929fffff,Mumbai,Mumbai Suburban,Maharashtra
C-00121,UPI_FRAUD,18144489,2026-07-14T20:59:46.837205+00:00,13.017301433198696,77.5630647807377,8860145b35fffff,Bengaluru,Bengaluru Urban,Karnataka
C-00122,INVESTMENT_SCAM,56570402,2026-07-30T15:50:50.811282+00:00,17.437145173919014,78.37722777192326,8860a25997fffff,Hyderabad,Hyderabad,Telangana
C-00123,CARD_FRAUD,15844267,2026-06-15T05:14:22.398300+00:00,12.986134945942373,77.63157027061476,8861892e8bfffff,Bengaluru,Bengaluru Urban,Karnataka
C-00124,INVESTMENT_SCAM,344523434,2026-08-05T13:24:27.796440+00:00,26.871836412927554,80.92162095476212,883d8dcf07fffff,Lucknow,Lucknow,Uttar Pradesh
C-00125,QR_FRAUD,21504090,2026-08-24T22:17:58.648576+00:00,17.457855440752994,78.48012573231968,8860b1965bfffff,Hyderabad,Hyderabad,Telangana
C-00126,PHISHING,2046182,2026-09-04T23:27:55.971875+00:00,23.047241853320262,72.55587295776478,8842ceb4a9fffff,Ahmedabad,Ahmedabad,Gujarat
C-00127,QR_FRAUD,9499139,2026-07-17T14:57:28.296259+00:00,12.931595798553763,77.63182699301679,8861892513fffff,Bengaluru,Bengaluru Urban,Karnataka
C-00128,INVESTMENT_SCAM,183616436,2026-07-06T11:56:44.729308+00:00,23.025041183949025,72.52352883263863,8842ceb5c3fffff,Ahmedabad,Ahmedabad,Gujarat
C-00129,INVESTMENT_SCAM,205626170,2026-08-27T11:16:06.207121+00:00,26.84824117352797,80.95788040049678,883d8dcd57fffff,Lucknow,Lucknow,Uttar Pradesh
C-00130,QR_FRAUD,10751349,2026-08-18T04:48:55.392330+00:00,17.456828202937984,78.48513169127393,8860b1965bfffff,Hyderabad,Hyderabad,Telangana
C-00131,JOB_SCAM,8843668,2026-08-31T12:38:58.513844+00:00,12.96208228445225,77.76857406248384,8861892035fffff,Bengaluru,Bengaluru Urban,Karnataka
C-00132,INVESTMENT_SCAM,43905415,2026-09-01T15:15:15.742669+00:00,12.955490976548615,77.6412403602745,8861892531fffff,Bengaluru,Bengaluru Urban,Karnataka
C-00133,JOB_SCAM,7610130,2026-06-16T16:16:18.118064+00:00,23.039440441831207,72.55991322087525,8842ceb4a1fffff,Ahmedabad,Ahmedabad,Gujarat
C-00134,CARD_FRAUD,75701931,2026-06-17T01:21:00.139723+00:00,28.54409072309883,77.2624428661656,883da115a7fffff,Delhi,New Delhi,Delhi
C-00135,UPI_FRAUD,10213997,2026-08-18T21:15:42.435192+00:00,17.47322181810387,78.41447886438661,8860b19699fffff,Hyderabad,Hyderabad,Telangana
C-00136,UPI_FRAUD,28219258,2026-09-08T13:42:30.332421+00:00,26.838079433278693,80.99737174590787,883d8dcdc7fffff,Lucknow,Lucknow,Uttar Pradesh
C-00137,INVESTMENT_SCAM,140218928,2026-07-14T00:01:55.147530+00:00,23.019335431195593,72.54545982991432,8842ceb59dfffff,Ahmedabad,Ahmedabad,Gujarat
C-00138,PHISHING,10202979,2026-06-03T12:08:07.424768+00:00,12.998235843478673,80.20904693233788,88618c4e21fffff,Chennai,Chennai,Tamil Nadu
C-00139,PHISHING,217126953,2026-08-14T13:43:44.544576+00:00,17.50149674799598,78.4036737757197,8860b196b3fffff,Hyderabad,Hyderabad,Telangana
C-00140,PHISHING,63137853,2026-07-14T09:40:00.713110+00:00,28.619911354285833,77.2132304315568,883da1140dfffff,Delhi,New Delhi,Delhi
C-00141,UPI_FRAUD,18924838,2026-07-05T14:07:06.059844+00:00,26.888121031190018,80.9497690170871,883d8dcf13fffff,Lucknow,Lucknow,Uttar Pradesh
C-00142,INVESTMENT_SCAM,227680618,2026-08-17T13:01:06.968172+00:00,17.439321042655333,78.47956163880738,8860a2596bfffff,Hyderabad,Hyderabad,Telangana
C-00143,CARD_FRAUD,62406949,2026-08-25T02:27:31.611452+00:00,26.90066516638565,80.95069097338414,883d8dce27fffff,Lucknow,Lucknow,Uttar Pradesh
C-00144,QR_FRAUD,21503594,2026-08-06T15:52:29.084210+00:00,23.016963439939747,72.58911457670143,8842cea60dfffff,Ahmedabad,Ahmedabad,Gujarat
C-00145,UPI_FRAUD,8910595,2026-08-29T21:17:16.550859+00:00,12.925093253634286,80.11010219452268,88618c4587fffff,Chennai,Chennai,Tamil Nadu
C-00146,INVESTMENT_SCAM,838285210,2026-06-22T19:20:37.805195+00:00,12.96208525414521,77.62990203627369,8861892ed9fffff,Bengaluru,Bengaluru Urban,Karnataka
C-00147,QR_FRAUD,3683499,2026-07-01T19:19:25.562180+00:00,12.927476458730371,80.11919590211512,88618c4585fffff,Chennai,Chennai,Tamil Nadu
C-00148,CARD_FRAUD,81595763,2026-07-30T22:36:26.606549+00:00,19.1115271064287,72.85519785679485,88608b5493fffff,Mumbai,Mumbai Suburban,Maharashtra
C-00149,INVESTMENT_SCAM,737811554,2026-08-26T12:52:02.268072+00:00,19.004181352251834,72.8388377677762,88608b0a47fffff,Mumbai,Mumbai Suburban,Maharashtra
C-00150,INVESTMENT_SCAM,210632220,2026-06-23T16:13:13.746604+00:00,28.639094644458318,77.19269367068327,883da1144dfffff,Delhi,New Delhi,Delhi
C-00151,INVESTMENT_SCAM,165274282,2026-08-14T07:52:13.656729+00:00,23.052076920519305,72.48826440106062,8842ceb40dfffff,Ahmedabad,Ahmedabad,Gujarat
C-00152,UPI_FRAUD,8305303,2026-06-09T20:25:17.247357+00:00,12.965347140352002,77.76299323884949,8861892037fffff,Bengaluru,Bengaluru Urban,Karnataka
C-00153,UPI_FRAUD,18210070,2026-08-31T21:53:42.709484+00:00,28.538580523042214,77.26447960439249,883da1074dfffff,Delhi,New Delhi,Delhi
C-00154,PHISHING,21526486,2026-08-26T13:05:13.246355+00:00,23.017420678529067,72.5775579427084,8842cea66bfffff,Ahmedabad,Ahmedabad,Gujarat
C-00155,QR_FRAUD,3806171,2026-08-25T08:38:42.215007+00:00,17.38154399291612,78.5249342819958,8860b52e93fffff,Hyderabad,Hyderabad,Telangana
C-00156,CARD_FRAUD,24559169,2026-06-10T02:11:25.346768+00:00,23.017062180260602,72.45552331271824,8842ceb54bfffff,Ahmedabad,Ahmedabad,Gujarat
C-00157,INVESTMENT_SCAM,46357763,2026-08-18T04:04:42.325893+00:00,17.43749760718559,78.48241622631106,8860a2596bfffff,Hyderabad,Hyderabad,Telangana
C-00158,UPI_FRAUD,6965431,2026-06-02T22:03:38.150946+00:00,26.863846438944268,81.03238112643838,883d8dccadfffff,Lucknow,Lucknow,Uttar Pradesh
C-00159,INVESTMENT_SCAM,943982717,2026-07-23T13:16:41.875218+00:00,23.052260901692954,72.45950475149475,8842ceb717fffff,Ahmedabad,Ahmedabad,Gujarat
C-00160,CARD_FRAUD,294574525,2026-07-23T18:31:27.247713+00:00,23.03368063454768,72.55955661794601,8842ceb4a7fffff,Ahmedabad,Ahmedabad,Gujarat
C-00161,INVESTMENT_SCAM,115242834,2026-09-08T09:56:37.109584+00:00,23.046295882972714,72.47894054348494,8842ceb463fffff,Ahmedabad,Ahmedabad,Gujarat
C-00162,UPI_FRAUD,2972706,2026-09-08T23:43:27.935523+00:00,28.62294758778517,77.20001101920097,883da1146bfffff,Delhi,New Delhi,Delhi
C-00163,QR_FRAUD,13633825,2026-07-06T20:10:49.984333+00:00,17.43313145740564,78.3704517685061,8860a25993fffff,Hyderabad,Hyderabad,Telangana
C-00164,CARD_FRAUD,69725936,2026-09-11T06:57:32.231968+00:00,19.22927017062413,72.84575664389071,88608b4467fffff,Mumbai,Mumbai Suburban,Maharashtra
C-00165,PHISHING,132199301,2026-07-03T12:34:23.605462+00:00,12.942756637599308,80.1092355835601,88618c45a3fffff,Chennai,Chennai,Tamil Nadu
C-00166,QR_FRAUD,2708755,2026-08-13T20:08:24.704475+00:00,23.021896366129123,72.52340107010897,8842ceb5c3fffff,Ahmedabad,Ahmedabad,Gujarat
C-00167,UPI_FRAUD,6536303,2026-06-13T20:29:08.718187+00:00,28.597752521862393,77.02953898003737,883da1123dfffff,Delhi,New Delhi,Delhi
C-00168,PHISHING,8826098,2026-06-17T14:25:16.126103+00:00,28.555046154492807,77.26202312400476,883da115a1fffff,Delhi,New Delhi,Delhi
C-00169,PHISHING,49151864,2026-06-18T17:14:37.663441+00:00,26.866655354547312,81.0152773268677,883d8dcdd9fffff,Lucknow,Lucknow,Uttar Pradesh
C-00170,PHISHING,39030158,2026-06-15T10:29:33.976829+00:00,13.050361304991764,80.24274038136345,88618c4f21fffff,Chennai,Chennai,Tamil Nadu
C-00171,CARD_FRAUD,69956167,2026-08-04T23:52:31.656263+00:00,17.351347427796114,78.53624550203143,8860b525e7fffff,Hyderabad,Hyderabad,Telangana
C-00172,JOB_SCAM,5451304,2026-09-10T22:41:32.257844+00:00,28.642180749238126,77.17541362784351,883da11625fffff,Delhi,New Delhi,Delhi
C-00173,PHISHING,29403121,2026-06-21T12:17:18.761741+00:00,28.63291123121695,77.20515439683045,883da11447fffff,Delhi,New Delhi,Delhi
C-00174,UPI_FRAUD,5623379,2026-06-08T21:32:21.821514+00:00,19.11683037932913,72.8514851040165,88608b0969fffff,Mumbai,Mumbai Suburban,Maharashtra
C-00175,PHISHING,21981059,2026-09-02T10:06:38.035138+00:00,28.569331925531696,77.25505159469633,883da11585fffff,Delhi,New Delhi,Delhi
C-00176,PHISHING,19057171,2026-07-14T10:22:41.346604+00:00,17.447551879006845,78.37050465056839,8860a24a6dfffff,Hyderabad,Hyderabad,Telangana
C-00177,JOB_SCAM,7103669,2026-08-08T17:51:52.492999+00:00,28.645850144325724,77.19956532777042,883da11449fffff,Delhi,New Delhi,Delhi
C-00178,INVESTMENT_SCAM,1539902976,2026-08-30T14:10:25.825142+00:00,12.915686500903634,80.0834733865711,88618c4593fffff,Chennai,Chennai,Tamil Nadu
C-00179,JOB_SCAM,6238594,2026-07-21T14:27:04.959910+00:00,12.916420321732692,77.63910146345887,8861892425fffff,Bengaluru,Bengaluru Urban,Karnataka
C-00180,JOB_SCAM,3805498,2026-09-09T04:45:03.392267+00:00,23.03685330056047,72.54116447840627,8842ceb5dbfffff,Ahmedabad,Ahmedabad,Gujarat
C-00181,INVESTMENT_SCAM,932607637,2026-07-25T13:49:00.561349+00:00,13.038512711149046,77.54699659867545,8860145909fffff,Bengaluru,Bengaluru Urban,Karnataka
C-00182,CARD_FRAUD,30923596,2026-06-26T01:54:05.075133+00:00,12.976142388854374,80.20192791646281,88618c4e07fffff,Chennai,Chennai,Tamil Nadu
C-00183,UPI_FRAUD,9811254,2026-06-26T19:34:59.798085+00:00,23.032847462099074,72.4546476180229,8842ceb731fffff,Ahmedabad,Ahmedabad,Gujarat
C-00184,UPI_FRAUD,10295096,2026-09-07T21:39:49.505142+00:00,19.129474165358396,72.86461548029052,88608b54b1fffff,Mumbai,Mumbai Suburban,Maharashtra
C-00185,INVESTMENT_SCAM,130738323,2026-08-19T09:10:59.133998+00:00,13.04746877227631,80.24440794514679,88618c4f21fffff,Chennai,Chennai,Tamil Nadu
C-00186,PHISHING,58944571,2026-06-03T11:17:05.734436+00:00,17.428309438413695,78.38984416395432,8860a2599dfffff,Hyderabad,Hyderabad,Telangana
C-00187,JOB_SCAM,20321329,2026-06-30T02:00:23.494447+00:00,28.59163234492453,77.04886877120774,883da11059fffff,Delhi,New Delhi,Delhi
C-00188,QR_FRAUD,7369345,2026-07-27T12:00:50.070158+00:00,17.49892113983008,78.40911093466785,8860b196bbfffff,Hyderabad,Hyderabad,Telangana
C-00189,QR_FRAUD,8315316,2026-08-22T19:50:47.711340+00:00,28.643824357252388,77.20839054181577,883da1144bfffff,Delhi,New Delhi,Delhi
C-00190,QR_FRAUD,11986901,2026-07-18T20:08:33.149930+00:00,12.95849228987798,77.75869383955316,8861892037fffff,Bengaluru,Bengaluru Urban,Karnataka
C-00191,UPI_FRAUD,5155696,2026-07-20T20:19:12.613911+00:00,13.036594644887629,80.25364151670632,88618c4f67fffff,Chennai,Chennai,Tamil Nadu
C-00192,INVESTMENT_SCAM,166852368,2026-08-18T04:50:35.752927+00:00,26.90237294005425,80.93755117404744,883d8dce25fffff,Lucknow,Lucknow,Uttar Pradesh
C-00193,QR_FRAUD,17165374,2026-07-16T21:57:44.151764+00:00,22.987006800174388,72.58848064733644,8842cea625fffff,Ahmedabad,Ahmedabad,Gujarat
C-00194,INVESTMENT_SCAM,886688972,2026-07-07T16:02:48.028565+00:00,17.476606921108864,78.42340844526151,8860b196d7fffff,Hyderabad,Hyderabad,Telangana
C-00195,PHISHING,18487731,2026-06-01T09:47:47.370755+00:00,23.037870270429778,72.52919827435774,8842ceb5d9fffff,Ahmedabad,Ahmedabad,Gujarat
C-00196,UPI_FRAUD,25629681,2026-07-09T20:23:59.983526+00:00,26.878904480218537,80.98691588311118,883d8dcc07fffff,Lucknow,Lucknow,Uttar Pradesh
C-00197,CARD_FRAUD,20652763,2026-09-10T22:57:48.018843+00:00,13.099553080056916,80.20666555992001,88618c4d23fffff,Chennai,Chennai,Tamil Nadu
C-00198,INVESTMENT_SCAM,337673009,2026-06-03T05:10:28.744802+00:00,28.59475731573282,77.04700403028212,883da11233fffff,Delhi,New Delhi,Delhi
C-00199,UPI_FRAUD,10339204,2026-09-02T00:37:56.715711+00:00,23.014894817195646,72.4563642904331,8842ceb543fffff,Ahmedabad,Ahmedabad,Gujarat
C-00200,INVESTMENT_SCAM,1740755027,2026-08-25T11:09:45.966798+00:00,19.232523421819987,72.8725870119848,88608b473dfffff,Mumbai,Mumbai Suburban,Maharashtra
C-00201,JOB_SCAM,17057181,2026-07-06T14:58:37.003574+00:00,13.071849260567305,80.22604906305513,88618c4d45fffff,Chennai,Chennai,Tamil Nadu
C-00202,JOB_SCAM,9908272,2026-08-11T19:00:58.151054+00:00,13.080794483701705,80.22784681720601,88618c4d6bfffff,Chennai,Chennai,Tamil Nadu
C-00203,CARD_FRAUD,91157646,2026-07-22T22:51:11.327074+00:00,28.66783805567032,77.20327759153422,883da11639fffff,Delhi,New Delhi,Delhi
C-00204,QR_FRAUD,3958341,2026-06-30T19:28:46.821383+00:00,17.357734263804968,78.5247520852573,8860b525a1fffff,Hyderabad,Hyderabad,Telangana
C-00205,QR_FRAUD,3190415,2026-07-21T14:39:14.177527+00:00,12.960607869292776,77.76898703416619,8861892035fffff,Bengaluru,Bengaluru Urban,Karnataka
C-00206,QR_FRAUD,5770116,2026-07-17T20:07:08.834284+00:00,19.107661617492848,72.82795049233042,88608b0909fffff,Mumbai,Mumbai Suburban,Maharashtra
C-00207,JOB_SCAM,10899856,2026-07-14T13:41:22.188049+00:00,26.861349167896332,80.95699288931696,883d8dcd5bfffff,Lucknow,Lucknow,Uttar Pradesh
C-00208,QR_FRAUD,6677496,2026-07-08T14:20:03.705520+00:00,17.352914678596623,78.53981250871557,8860b525e7fffff,Hyderabad,Hyderabad,Telangana
C-00209,INVESTMENT_SCAM,517432189,2026-07-21T19:09:41.953345+00:00,17.369793671991506,78.5277951284164,8860b52e9bfffff,Hyderabad,Hyderabad,Telangana
C-00210,INVESTMENT_SCAM,2158651458,2026-08-02T14:28:01.194376+00:00,23.022061322988524,72.57723207001645,8842cea645fffff,Ahmedabad,Ahmedabad,Gujarat
C-00211,JOB_SCAM,6033318,2026-06-25T13:25:17.457693+00:00,28.58503173304982,77.04496345408675,883da1105dfffff,Delhi,New Delhi,Delhi
C-00212,INVESTMENT_SCAM,1275476444,2026-06-26T06:34:58.927981+00:00,12.962954315725323,77.7581609017267,8861892037fffff,Bengaluru,Bengaluru Urban,Karnataka
C-00213,UPI_FRAUD,14884970,2026-06-06T08:25:34.250492+00:00,26.86281091461284,80.9590491140138,883d8dcd5bfffff,Lucknow,Lucknow,Uttar Pradesh
C-00214,INVESTMENT_SCAM,220347182,2026-06-05T09:22:38.364218+00:00,28.63684788153673,77.17226855959515,883da11719fffff,Delhi,New Delhi,Delhi
C-00215,PHISHING,57012575,2026-08-31T07:40:30.101013+00:00,26.869694798613917,80.97017229673997,883d8dcc29fffff,Lucknow,Lucknow,Uttar Pradesh
C-00216,UPI_FRAUD,26238174,2026-06-23T20:13:07.482748+00:00,28.66274346931209,77.21058991259314,883da1163bfffff,Delhi,New Delhi,Delhi
C-00217,INVESTMENT_SCAM,426237635,2026-07-13T11:29:30.929599+00:00,26.881736711052014,80.97831431535941,883d8dcc01fffff,Lucknow,Lucknow,Uttar Pradesh
C-00218,UPI_FRAUD,99431760,2026-07-29T15:55:39.086732+00:00,12.96808425141187,77.64536178487448,8861892ecbfffff,Bengaluru,Bengaluru Urban,Karnataka
C-00219,QR_FRAUD,5344053,2026-08-31T20:48:39.388739+00:00,26.831707868075224,81.02521379562884,883d8dcd83fffff,Lucknow,Lucknow,Uttar Pradesh
C-00220,JOB_SCAM,4032817,2026-06-29T19:18:08.394228+00:00,17.489576873653373,78.42706734000596,8860b19683fffff,Hyderabad,Hyderabad,Telangana
C-00221,JOB_SCAM,9772131,2026-08-05T15:30:20.045093+00:00,28.54708490099009,77.25427180592293,883da115a5fffff,Delhi,New Delhi,Delhi
C-00222,INVESTMENT_SCAM,114924487,2026-08-20T18:58:55.012769+00:00,13.019805084361048,77.56140708417955,8860145b35fffff,Bengaluru,Bengaluru Urban,Karnataka
C-00223,QR_FRAUD,6685998,2026-07-28T17:41:30.472003+00:00,23.038206316444903,72.51573927411427,8842ceb431fffff,Ahmedabad,Ahmedabad,Gujarat
C-00224,QR_FRAUD,5844476,2026-06-03T23:50:55.488493+00:00,12.973349696960588,80.237114847784,88618c4197fffff,Chennai,Chennai,Tamil Nadu
C-00225,UPI_FRAUD,6779156,2026-07-10T04:14:58.408395+00:00,12.997226649909429,80.21925859540201,88618c4e2dfffff,Chennai,Chennai,Tamil Nadu
C-00226,JOB_SCAM,26801462,2026-07-15T13:03:42.419558+00:00,28.609484228488316,77.04202964341096,883da11217fffff,Delhi,New Delhi,Delhi
C-00227,CARD_FRAUD,106506331,2026-08-11T00:13:52.707700+00:00,19.224879672107058,72.84479197345485,88608b4461fffff,Mumbai,Mumbai Suburban,Maharashtra
C-00228,QR_FRAUD,10323632,2026-07-10T06:16:28.373270+00:00,26.85440979985802,80.96106797243684,883d8dcd53fffff,Lucknow,Lucknow,Uttar Pradesh
C-00229,CARD_FRAUD,14233425,2026-07-31T07:01:06.439245+00:00,23.040120281583622,72.52841236285659,8842ceb433fffff,Ahmedabad,Ahmedabad,Gujarat
C-00230,QR_FRAUD,11268866,2026-06-01T02:52:40.262452+00:00,17.367590287846774,78.54465444673495,8860b52ed1fffff,Hyderabad,Hyderabad,Telangana
C-00231,QR_FRAUD,14100944,2026-06-23T05:07:55.271766+00:00,22.985376751022972,72.59283854845754,8842cea625fffff,Ahmedabad,Ahmedabad,Gujarat
C-00232,JOB_SCAM,5566299,2026-06-17T02:07:36.803577+00:00,13.07264383982993,80.21950835478223,88618c4d47fffff,Chennai,Chennai,Tamil Nadu
C-00233,PHISHING,65964550,2026-06-02T10:35:16.875869+00:00,19.02140416841747,72.84510836087402,88608b0a61fffff,Mumbai,Mumbai Suburban,Maharashtra
C-00234,UPI_FRAUD,8372378,2026-08-07T22:38:30.022290+00:00,12.979023396495208,77.64668509746174,8861892ec1fffff,Bengaluru,Bengaluru Urban,Karnataka
C-00235,CARD_FRAUD,514469066,2026-06-10T19:58:08.009063+00:00,13.033668867784769,80.24010400006193,88618c4f05fffff,Chennai,Chennai,Tamil Nadu
C-00236,PHISHING,242315667,2026-07-20T21:58:45.434814+00:00,23.033286114049393,72.48573195593995,8842ceb42dfffff,Ahmedabad,Ahmedabad,Gujarat
C-00237,PHISHING,14110696,2026-08-10T12:11:22.212672+00:00,17.488062741495753,78.39852629652478,8860a24b69fffff,Hyderabad,Hyderabad,Telangana
C-00238,INVESTMENT_SCAM,213172489,2026-08-23T13:01:27.985002+00:00,23.056775415285404,72.5189869476349,8842ceb417fffff,Ahmedabad,Ahmedabad,Gujarat
C-00239,CARD_FRAUD,1570532057,2026-07-01T19:24:30.912230+00:00,17.443863681557982,78.4992335931661,8860b52cbbfffff,Hyderabad,Hyderabad,Telangana
C-00240,QR_FRAUD,10870516,2026-09-04T18:53:21.477692+00:00,12.960161861984528,77.74027411382401,88618921dbfffff,Bengaluru,Bengaluru Urban,Karnataka
C-00241,CARD_FRAUD,74879960,2026-06-26T23:47:19.243434+00:00,12.992373361423883,80.21576570361002,88618c4e2dfffff,Chennai,Chennai,Tamil Nadu
C-00242,QR_FRAUD,27643261,2026-08-19T23:36:03.276844+00:00,17.496808221074666,78.40862462976435,8860b196bbfffff,Hyderabad,Hyderabad,Telangana
C-00243,JOB_SCAM,7794122,2026-08-20T00:34:31.938912+00:00,19.221873226425572,72.8651178619177,88608b473bfffff,Mumbai,Mumbai Suburban,Maharashtra
C-00244,UPI_FRAUD,28855501,2026-08-14T15:24:25.016405+00:00,26.840786192790222,80.9445732121592,883d8dcd09fffff,Lucknow,Lucknow,Uttar Pradesh
C-00245,PHISHING,22382061,2026-08-10T23:05:23.411582+00:00,12.978296288265257,80.22178768067648,88618c4e63fffff,Chennai,Chennai,Tamil Nadu
C-00246,CARD_FRAUD,22268806,2026-06-23T04:59:01.391728+00:00,12.951092116797383,77.6096063849438,8861892585fffff,Bengaluru,Bengaluru Urban,Karnataka
C-00247,JOB_SCAM,3884917,2026-08-12T09:32:08.493977+00:00,19.21504324002384,72.85914590001936,88608b4717fffff,Mumbai,Mumbai Suburban,Maharashtra
C-00248,PHISHING,61950306,2026-06-10T20:53:55.497942+00:00,17.440597030052533,78.48132227955512,8860a2596bfffff,Hyderabad,Hyderabad,Telangana
C-00249,CARD_FRAUD,28813764,2026-08-05T07:12:31.751232+00:00,28.535064196623363,77.23468920416647,883da1028bfffff,Delhi,New Delhi,Delhi
C-00250,INVESTMENT_SCAM,99645336,2026-08-10T21:01:31.470805+00:00,17.372587822243187,78.53666406512897,8860b52e99fffff,Hyderabad,Hyderabad,Telangana
C-00251,INVESTMENT_SCAM,777939287,2026-06-29T15:47:18.544812+00:00,19.12279759989791,72.85048132350224,88608b0961fffff,Mumbai,Mumbai Suburban,Maharashtra
C-00252,UPI_FRAUD,3836847,2026-07-29T19:49:39.606776+00:00,26.846252601431317,80.94499551928301,883d8dcd55fffff,Lucknow,Lucknow,Uttar Pradesh
C-00253,QR_FRAUD,15898549,2026-09-10T19:41:35.016675+00:00,23.032761802661785,72.51182281877745,8842ceb435fffff,Ahmedabad,Ahmedabad,Gujarat
C-00254,JOB_SCAM,4137416,2026-09-05T07:18:53.756492+00:00,17.49853211098661,78.42977679258256,8860b19687fffff,Hyderabad,Hyderabad,Telangana
C-00255,PHISHING,32183092,2026-09-07T01:18:54.804607+00:00,12.95338649870469,77.76599401804619,8861892031fffff,Bengaluru,Bengaluru Urban,Karnataka
C-00256,JOB_SCAM,10203410,2026-08-26T19:12:01.269044+00:00,19.00614418993722,72.83021062705028,88608b0a09fffff,Mumbai,Mumbai Suburban,Maharashtra
C-00257,CARD_FRAUD,54300444,2026-08-25T18:07:00.102032+00:00,26.885907168647584,80.95013938710744,883d8dcf13fffff,Lucknow,Lucknow,Uttar Pradesh
C-00258,JOB_SCAM,13186489,2026-08-31T14:32:16.029176+00:00,17.442301785534944,78.3812499497756,8860a259bbfffff,Hyderabad,Hyderabad,Telangana
C-00259,UPI_FRAUD,36657882,2026-06-08T22:17:57.827614+00:00,23.03343108254201,72.52594163748164,8842ceb5ddfffff,Ahmedabad,Ahmedabad,Gujarat
C-00260,INVESTMENT_SCAM,132819723,2026-07-18T14:28:16.423689+00:00,28.636359091445648,77.19839700090185,883da11441fffff,Delhi,New Delhi,Delhi
C-00261,CARD_FRAUD,7848213,2026-08-30T23:10:52.298007+00:00,23.00072646154104,72.6112379073032,8842cea635fffff,Ahmedabad,Ahmedabad,Gujarat
C-00262,INVESTMENT_SCAM,690856759,2026-06-18T13:27:15.380111+00:00,17.424522066587137,78.36177803425998,8860a24a45fffff,Hyderabad,Hyderabad,Telangana
C-00263,CARD_FRAUD,20003837,2026-06-30T06:51:33.293063+00:00,19.2398373704144,72.85555494153853,88608b4559fffff,Mumbai,Mumbai Suburban,Maharashtra
C-00264,JOB_SCAM,6633143,2026-07-21T19:28:53.042751+00:00,19.218095027165788,72.87047981841285,88608b4715fffff,Mumbai,Mumbai Suburban,Maharashtra
C-00265,UPI_FRAUD,8798464,2026-07-30T19:52:02.200250+00:00,19.21981406017207,72.85683808330802,88608b446dfffff,Mumbai,Mumbai Suburban,Maharashtra
C-00266,QR_FRAUD,5362420,2026-07-20T19:08:08.907710+00:00,23.02068280806571,72.47765687753042,8842ceb557fffff,Ahmedabad,Ahmedabad,Gujarat
C-00267,CARD_FRAUD,27960445,2026-06-23T13:12:26.741737+00:00,23.00576467339643,72.59604622429345,8842cea62bfffff,Ahmedabad,Ahmedabad,Gujarat
C-00268,JOB_SCAM,6595125,2026-06-19T11:28:44.205874+00:00,17.351473691303166,78.53588864034666,8860b525e7fffff,Hyderabad,Hyderabad,Telangana
C-00269,CARD_FRAUD,132191435,2026-07-23T03:24:27.217822+00:00,28.58401748454292,77.03529798697741,883da1104bfffff,Delhi,New Delhi,Delhi
C-00270,CARD_FRAUD,9376914,2026-08-20T12:49:38.623422+00:00,13.10029362758835,80.19869959272155,88618c4d35fffff,Chennai,Chennai,Tamil Nadu
C-00271,QR_FRAUD,9400430,2026-07-07T07:54:26.826911+00:00,12.90815568831409,80.08537746763267,88618c459bfffff,Chennai,Chennai,Tamil Nadu
C-00272,CARD_FRAUD,76530330,2026-06-22T14:12:08.265198+00:00,26.850622594800782,81.00563967444903,883d8dcdc3fffff,Lucknow,Lucknow,Uttar Pradesh
C-00273,CARD_FRAUD,71891763,2026-07-30T14:55:20.189247+00:00,26.865207656588996,81.01445145991067,883d8dcdd9fffff,Lucknow,Lucknow,Uttar Pradesh
C-00274,UPI_FRAUD,22251020,2026-07-02T21:50:29.319003+00:00,23.029647261146856,72.55733597318665,8842ceb59bfffff,Ahmedabad,Ahmedabad,Gujarat
C-00275,CARD_FRAUD,48744425,2026-09-07T01:04:06.773888+00:00,17.50249820748115,78.39524893239879,8860a24b65fffff,Hyderabad,Hyderabad,Telangana
C-00276,INVESTMENT_SCAM,906837690,2026-07-09T22:46:05.837648+00:00,12.952046722766006,77.60534166336798,8861892585fffff,Bengaluru,Bengaluru Urban,Karnataka
C-00277,UPI_FRAUD,15514915,2026-06-05T06:31:45.533956+00:00,19.10598305872889,72.8387020665422,88608b0947fffff,Mumbai,Mumbai Suburban,Maharashtra
C-00278,UPI_FRAUD,35124875,2026-08-20T17:28:59.341106+00:00,17.38301288606942,78.53566418104697,8860b52e95fffff,Hyderabad,Hyderabad,Telangana
C-00279,QR_FRAUD,2731224,2026-07-21T09:24:56.026123+00:00,19.00505414552211,72.8472719338948,88608b0a45fffff,Mumbai,Mumbai Suburban,Maharashtra
C-00280,CARD_FRAUD,28804471,2026-06-09T00:22:40.344143+00:00,28.576481164206346,77.04021702221223,883da11043fffff,Delhi,New Delhi,Delhi
C-00281,QR_FRAUD,3667085,2026-07-14T11:55:08.619997+00:00,12.917560793226523,77.60453082557747,88618925ddfffff,Bengaluru,Bengaluru Urban,Karnataka
C-00282,PHISHING,63605288,2026-06-22T21:55:55.822256+00:00,28.587086376139546,77.06116487574847,883da1105bfffff,Delhi,New Delhi,Delhi
C-00283,JOB_SCAM,7475284,2026-08-12T14:34:47.672771+00:00,19.240884642971693,72.85171482147396,88608b4551fffff,Mumbai,Mumbai Suburban,Maharashtra
C-00284,INVESTMENT_SCAM,575811774,2026-07-25T13:51:04.268554+00:00,22.988891747325074,72.60752959928875,8842cea449fffff,Ahmedabad,Ahmedabad,Gujarat
C-00285,JOB_SCAM,7004139,2026-07-06T08:13:18.246588+00:00,23.03040099577466,72.52702406962139,8842ceb5ddfffff,Ahmedabad,Ahmedabad,Gujarat
C-00286,PHISHING,220888499,2026-08-13T06:02:23.532091+00:00,26.875458315636095,80.91221534707554,883d8dcf01fffff,Lucknow,Lucknow,Uttar Pradesh
C-00287,UPI_FRAUD,39352461,2026-07-19T19:19:41.820922+00:00,26.89119207321134,80.97690106242104,883d8dcc09fffff,Lucknow,Lucknow,Uttar Pradesh
C-00288,PHISHING,6138408,2026-06-03T14:46:18.697614+00:00,26.8702480994488,80.94318099541212,883d8dcf3bfffff,Lucknow,Lucknow,Uttar Pradesh
C-00289,UPI_FRAUD,4062217,2026-08-10T19:57:44.228475+00:00,23.018442210444377,72.53053912541203,8842ceb589fffff,Ahmedabad,Ahmedabad,Gujarat
C-00290,PHISHING,47216526,2026-07-02T12:11:31.705764+00:00,28.587175963360515,77.05421600651283,883da11059fffff,Delhi,New Delhi,Delhi
C-00291,JOB_SCAM,21817374,2026-09-01T15:17:37.469740+00:00,19.228888031904464,72.85137543191385,88608b4465fffff,Mumbai,Mumbai Suburban,Maharashtra
C-00292,PHISHING,13550939,2026-07-22T11:51:21.649568+00:00,26.855483532984344,80.93711756981611,883d8dcf37fffff,Lucknow,Lucknow,Uttar Pradesh
C-00293,PHISHING,4211989,2026-08-10T12:33:41.156190+00:00,26.87425987502447,80.93488845287938,883d8dcf3bfffff,Lucknow,Lucknow,Uttar Pradesh
C-00294,QR_FRAUD,3573443,2026-08-12T08:39:59.246856+00:00,19.03950005833873,72.880664611141,88608b19a3fffff,Mumbai,Mumbai Suburban,Maharashtra
C-00295,JOB_SCAM,6971412,2026-07-22T20:22:03.270003+00:00,26.838178439050868,81.02856676622574,883d8dcd83fffff,Lucknow,Lucknow,Uttar Pradesh
C-00296,INVESTMENT_SCAM,626057953,2026-07-21T12:25:04.046111+00:00,17.482898288283433,78.41105349896876,8860b19691fffff,Hyderabad,Hyderabad,Telangana
C-00297,UPI_FRAUD,24955087,2026-06-12T03:05:35.545283+00:00,12.989746453351032,77.76431420841101,88618921c7fffff,Bengaluru,Bengaluru Urban,Karnataka
C-00298,CARD_FRAUD,116382385,2026-06-23T04:53:45.582236+00:00,28.54173137188023,77.25156086719154,883da10299fffff,Delhi,New Delhi,Delhi
C-00299,PHISHING,46522528,2026-06-11T22:18:32.438922+00:00,19.24298062085268,72.8606038948877,88608b455dfffff,Mumbai,Mumbai Suburban,Maharashtra
C-00300,UPI_FRAUD,32426911,2026-08-28T22:49:25.135148+00:00,13.066066695366253,80.21020488057282,88618c4d09fffff,Chennai,Chennai,Tamil Nadu
C-00301,JOB_SCAM,12465347,2026-09-11T21:18:27.561006+00:00,12.921478718715104,77.60759101754289,88618925ddfffff,Bengaluru,Bengaluru Urban,Karnataka
C-00302,CARD_FRAUD,33367724,2026-07-18T01:18:05.122163+00:00,28.586092387901633,77.04933368428547,883da11059fffff,Delhi,New Delhi,Delhi
C-00303,PHISHING,19753678,2026-09-12T10:04:42.443785+00:00,12.919509950288724,80.09737153581924,88618c4595fffff,Chennai,Chennai,Tamil Nadu
C-00304,CARD_FRAUD,9116733,2026-09-03T01:47:13.580760+00:00,12.951360291870653,77.75811660491414,886189203bfffff,Bengaluru,Bengaluru Urban,Karnataka
C-00305,PHISHING,14658326,2026-07-01T15:39:56.802778+00:00,23.050828091856065,72.52876305368852,8842ceb4edfffff,Ahmedabad,Ahmedabad,Gujarat
C-00306,JOB_SCAM,3799062,2026-08-26T13:46:11.560050+00:00,26.874414419402804,80.94797885054628,883d8dcc6dfffff,Lucknow,Lucknow,Uttar Pradesh
C-00307,JOB_SCAM,8587511,2026-07-22T14:52:54.919893+00:00,26.843247957046383,81.02951996841846,883d8dcd9dfffff,Lucknow,Lucknow,Uttar Pradesh
C-00308,PHISHING,89516035,2026-06-09T17:50:05.679994+00:00,28.56369911536939,77.23812360813345,883da115e7fffff,Delhi,New Delhi,Delhi
C-00309,PHISHING,297933346,2026-08-03T08:20:13.745410+00:00,17.4700478897538,78.39969630962983,8860a24b4dfffff,Hyderabad,Hyderabad,Telangana
C-00310,QR_FRAUD,10271809,2026-07-05T17:51:30.773961+00:00,19.012824120072583,72.82828914443084,88608b0a01fffff,Mumbai,Mumbai Suburban,Maharashtra
C-00311,CARD_FRAUD,5156962,2026-06-03T01:33:49.964025+00:00,17.430514449823843,78.37070796696257,8860a25993fffff,Hyderabad,Hyderabad,Telangana
C-00312,QR_FRAUD,2200305,2026-07-22T18:22:06.883313+00:00,23.014789722341956,72.60322084239819,8842cea607fffff,Ahmedabad,Ahmedabad,Gujarat
C-00313,INVESTMENT_SCAM,446580062,2026-09-06T14:00:00.988828+00:00,13.092504729503254,80.22579040844717,88618c4d67fffff,Chennai,Chennai,Tamil Nadu
C-00314,INVESTMENT_SCAM,93927210,2026-07-09T07:29:45.635125+00:00,19.233813131022192,72.84290434126298,88608b442dfffff,Mumbai,Mumbai Suburban,Maharashtra
C-00315,JOB_SCAM,9088161,2026-06-17T12:41:19.309615+00:00,12.911475460024981,80.10503798022003,88618c458bfffff,Chennai,Chennai,Tamil Nadu
C-00316,QR_FRAUD,26767879,2026-07-08T19:20:35.608449+00:00,23.0473032447064,72.57707276735242,8842ceb4b1fffff,Ahmedabad,Ahmedabad,Gujarat
C-00317,UPI_FRAUD,10682682,2026-09-07T02:49:14.952303+00:00,19.00651767897778,72.8320267511105,88608b0a09fffff,Mumbai,Mumbai Suburban,Maharashtra
C-00318,PHISHING,46678482,2026-06-02T11:22:12.248182+00:00,13.086027529682179,80.22594778524811,88618c4d61fffff,Chennai,Chennai,Tamil Nadu
C-00319,QR_FRAUD,13525424,2026-07-10T18:40:36.102456+00:00,22.99846675612869,72.6205286432203,8842cea637fffff,Ahmedabad,Ahmedabad,Gujarat
C-00320,JOB_SCAM,20050224,2026-09-09T15:17:11.857516+00:00,13.02284529211141,80.24664770754144,88618c4f0dfffff,Chennai,Chennai,Tamil Nadu
C-00321,UPI_FRAUD,8722909,2026-09-13T13:54:54.018307+00:00,17.44518612171882,78.38859946918896,8860a259b9fffff,Hyderabad,Hyderabad,Telangana
C-00322,JOB_SCAM,9665006,2026-08-26T19:20:32.131229+00:00,28.617869230955783,77.22417614721766,883da11407fffff,Delhi,New Delhi,Delhi
C-00323,UPI_FRAUD,24471306,2026-06-23T12:25:40.192436+00:00,26.89537098114553,80.99111214555681,883d8dcc57fffff,Lucknow,Lucknow,Uttar Pradesh
C-00324,CARD_FRAUD,50652506,2026-06-18T02:16:15.847743+00:00,19.114217079223835,72.86574707630032,88608b5495fffff,Mumbai,Mumbai Suburban,Maharashtra
C-00325,JOB_SCAM,13209147,2026-07-03T19:59:57.781466+00:00,26.88491474797764,80.92549584584874,883d8dcf1dfffff,Lucknow,Lucknow,Uttar Pradesh
C-00326,INVESTMENT_SCAM,329380957,2026-06-22T13:37:57.374986+00:00,19.064485363407748,72.89699071286114,88608b569dfffff,Mumbai,Mumbai Suburban,Maharashtra
C-00327,PHISHING,68745745,2026-06-09T15:31:05.671200+00:00,28.600815662473565,77.03027825068382,883da11239fffff,Delhi,New Delhi,Delhi
C-00328,CARD_FRAUD,106531739,2026-08-20T00:06:07.764863+00:00,13.049826940308975,80.23946916556768,88618c4f21fffff,Chennai,Chennai,Tamil Nadu
C-00329,CARD_FRAUD,241654617,2026-08-11T23:27:36.021303+00:00,23.027007808531305,72.53410397209869,8842ceb5d1fffff,Ahmedabad,Ahmedabad,Gujarat
C-00330,UPI_FRAUD,16147247,2026-08-26T03:06:24.158996+00:00,13.040794923532104,80.22135132358264,88618c4f31fffff,Chennai,Chennai,Tamil Nadu
C-00331,INVESTMENT_SCAM,301366391,2026-09-03T15:17:07.501124+00:00,26.854461339466567,80.95571032615686,883d8dcd51fffff,Lucknow,Lucknow,Uttar Pradesh
C-00332,QR_FRAUD,3196584,2026-09-06T02:58:44.548179+00:00,17.42001640853229,78.49176119253708,8860a25b27fffff,Hyderabad,Hyderabad,Telangana
C-00333,INVESTMENT_SCAM,191108285,2026-06-03T07:48:25.857897+00:00,19.11798321763029,72.8579287882206,88608b5497fffff,Mumbai,Mumbai Suburban,Maharashtra
C-00334,QR_FRAUD,14752780,2026-06-17T18:08:35.704476+00:00,19.055408357120413,72.90787015640515,88608b56d5fffff,Mumbai,Mumbai Suburban,Maharashtra
C-00335,QR_FRAUD,9798547,2026-06-03T17:31:01.523454+00:00,13.090061744583247,80.21583648421412,88618c4d29fffff,Chennai,Chennai,Tamil Nadu
C-00336,JOB_SCAM,17661052,2026-08-26T04:55:24.094612+00:00,17.45248216186981,78.49348668839369,8860b52cb3fffff,Hyderabad,Hyderabad,Telangana
C-00337,JOB_SCAM,7568971,2026-07-13T12:44:58.302761+00:00,12.94928452829739,77.64089171836945,886189253bfffff,Bengaluru,Bengaluru Urban,Karnataka
C-00338,UPI_FRAUD,4941992,2026-06-27T14:36:42.855061+00:00,12.956134755131421,77.65850901785755,886189252bfffff,Bengaluru,Bengaluru Urban,Karnataka
C-00339,INVESTMENT_SCAM,1159482635,2026-06-03T15:53:16.668287+00:00,19.132639170068092,72.82686638795333,88608b092bfffff,Mumbai,Mumbai Suburban,Maharashtra
C-00340,CARD_FRAUD,32994700,2026-07-22T21:34:47.680709+00:00,28.536156030429268,77.24279300882546,883da1029dfffff,Delhi,New Delhi,Delhi
C-00341,CARD_FRAUD,236824264,2026-07-26T02:05:17.876572+00:00,28.536773188463876,77.24254281396026,883da102d7fffff,Delhi,New Delhi,Delhi
C-00342,INVESTMENT_SCAM,2509820488,2026-08-10T16:03:29.846771+00:00,12.958098833845034,77.6488003368875,8861892531fffff,Bengaluru,Bengaluru Urban,Karnataka
C-00343,CARD_FRAUD,26999803,2026-06-26T02:45:51.908372+00:00,26.828423465235762,81.02353935725698,883d8dcd87fffff,Lucknow,Lucknow,Uttar Pradesh
C-00344,CARD_FRAUD,52659277,2026-08-19T01:05:37.676530+00:00,19.232935574868456,72.87214661291993,88608b473dfffff,Mumbai,Mumbai Suburban,Maharashtra
C-00345,INVESTMENT_SCAM,137869378,2026-08-30T05:10:10.948728+00:00,17.504690451312804,78.42555897441855,8860b196bdfffff,Hyderabad,Hyderabad,Telangana
C-00346,CARD_FRAUD,5831389,2026-06-05T15:58:41.450904+00:00,13.09629751550624,80.2048617758753,88618c4d2bfffff,Chennai,Chennai,Tamil Nadu
C-00347,UPI_FRAUD,15979775,2026-06-11T17:00:46.049757+00:00,22.986649855138772,72.6153701468677,8842cea441fffff,Ahmedabad,Ahmedabad,Gujarat
C-00348,PHISHING,105198094,2026-07-08T16:05:41.364448+00:00,23.028339014695504,72.48920782975974,8842ceb425fffff,Ahmedabad,Ahmedabad,Gujarat
C-00349,QR_FRAUD,16722537,2026-06-29T09:53:38.113611+00:00,12.979932825948627,77.6306018275999,8861892ed5fffff,Bengaluru,Bengaluru Urban,Karnataka
C-00350,UPI_FRAUD,25903362,2026-09-04T21:40:22.749233+00:00,23.041435425114095,72.51129358181625,8842ceb431fffff,Ahmedabad,Ahmedabad,Gujarat
C-00351,PHISHING,42782013,2026-08-02T03:43:33.283193+00:00,28.578077307002093,77.06399506972822,883da11057fffff,Delhi,New Delhi,Delhi
C-00352,PHISHING,36665994,2026-06-29T10:04:45.695770+00:00,26.865997931540214,80.96829358871054,883d8dcc29fffff,Lucknow,Lucknow,Uttar Pradesh
C-00353,CARD_FRAUD,133352651,2026-08-03T08:55:40.742997+00:00,23.031477759439145,72.48650386543699,8842ceb42dfffff,Ahmedabad,Ahmedabad,Gujarat
C-00354,CARD_FRAUD,129153612,2026-08-25T02:53:44.882409+00:00,12.972377640282918,80.21678306886204,88618c4e0dfffff,Chennai,Chennai,Tamil Nadu
C-00355,UPI_FRAUD,11950556,2026-08-28T15:20:44.948196+00:00,13.041321942483362,80.25098275857783,88618c4f67fffff,Chennai,Chennai,Tamil Nadu
C-00356,INVESTMENT_SCAM,2114225720,2026-07-06T13:19:52.112374+00:00,13.044034025815419,77.54937170835935,8860145901fffff,Bengaluru,Bengaluru Urban,Karnataka
C-00357,JOB_SCAM,13422717,2026-08-17T13:19:45.105472+00:00,28.59105811699144,77.03621512683539,883da11235fffff,Delhi,New Delhi,Delhi
C-00358,CARD_FRAUD,23935875,2026-06-10T21:05:47.145334+00:00,23.050711944633804,72.55968650031093,8842ceb485fffff,Ahmedabad,Ahmedabad,Gujarat
C-00359,INVESTMENT_SCAM,1137421692,2026-07-29T19:32:47.232425+00:00,28.581023653612345,77.03596595063615,883da1104bfffff,Delhi,New Delhi,Delhi
C-00360,INVESTMENT_SCAM,292874475,2026-08-10T14:37:04.493606+00:00,28.658525602391833,77.1751258707672,883da11629fffff,Delhi,New Delhi,Delhi
C-00361,PHISHING,39741460,2026-06-22T04:23:39.099003+00:00,26.871788956990503,80.94907523557742,883d8dcc6dfffff,Lucknow,Lucknow,Uttar Pradesh
C-00362,JOB_SCAM,12630086,2026-07-15T16:39:28.990519+00:00,28.653634296766352,77.20957204849178,883da11637fffff,Delhi,New Delhi,Delhi
C-00363,UPI_FRAUD,19799235,2026-08-19T17:43:35.143596+00:00,19.117283021838634,72.84200088171042,88608b096bfffff,Mumbai,Mumbai Suburban,Maharashtra
C-00364,PHISHING,129839265,2026-09-02T02:37:14.941077+00:00,12.942129035275899,80.08293359770053,88618c7b59fffff,Chennai,Chennai,Tamil Nadu
C-00365,CARD_FRAUD,26288586,2026-07-29T14:12:57.682573+00:00,23.017554605175285,72.45876990936277,8842ceb543fffff,Ahmedabad,Ahmedabad,Gujarat
C-00366,UPI_FRAUD,25510945,2026-08-24T20:00:54.273662+00:00,19.134957318944238,72.86033293827731,88608b54b7fffff,Mumbai,Mumbai Suburban,Maharashtra
C-00367,INVESTMENT_SCAM,333262878,2026-06-26T13:53:21.118044+00:00,26.84580769343653,81.00199111766801,883d8dcdc3fffff,Lucknow,Lucknow,Uttar Pradesh
C-00368,QR_FRAUD,6153466,2026-06-17T11:54:41.365686+00:00,23.023952678527873,72.55110695747928,8842ceb599fffff,Ahmedabad,Ahmedabad,Gujarat
C-00369,JOB_SCAM,5398819,2026-07-20T12:30:16.123824+00:00,22.983955073816677,72.61047245693719,8842cea44dfffff,Ahmedabad,Ahmedabad,Gujarat
C-00370,QR_FRAUD,6075834,2026-06-26T05:13:01.680235+00:00,19.135382727682458,72.85069213792343,88608b465bfffff,Mumbai,Mumbai Suburban,Maharashtra
C-00371,QR_FRAUD,2627556,2026-08-05T17:50:05.796553+00:00,19.130469705989242,72.86653877896158,88608b54b1fffff,Mumbai,Mumbai Suburban,Maharashtra
C-00372,JOB_SCAM,4093147,2026-08-24T04:56:24.760608+00:00,17.428147292926162,78.37395683630314,8860a25993fffff,Hyderabad,Hyderabad,Telangana
C-00373,PHISHING,26600214,2026-08-27T01:55:02.637584+00:00,13.056100232488042,80.22360520975786,88618c4d4bfffff,Chennai,Chennai,Tamil Nadu
C-00374,INVESTMENT_SCAM,235932006,2026-08-15T14:09:52.951954+00:00,17.47258954074412,78.42835409160955,8860b196d5fffff,Hyderabad,Hyderabad,Telangana
C-00375,JOB_SCAM,3079995,2026-06-15T10:40:11.014802+00:00,17.468796699934476,78.39445510014293,8860a24b49fffff,Hyderabad,Hyderabad,Telangana
C-00376,JOB_SCAM,14996170,2026-07-18T04:43:13.829145+00:00,28.63313778702976,77.19902305928468,883da11441fffff,Delhi,New Delhi,Delhi
C-00377,QR_FRAUD,1957505,2026-07-20T17:53:57.818337+00:00,28.648305021458203,77.21926080907888,883da11459fffff,Delhi,New Delhi,Delhi
C-00378,QR_FRAUD,10068844,2026-07-22T20:10:02.744289+00:00,19.05740827859314,72.90554481408948,88608b56d7fffff,Mumbai,Mumbai Suburban,Maharashtra
C-00379,CARD_FRAUD,79539369,2026-09-01T03:15:34.340378+00:00,26.865707563834768,81.03133397021482,883d8dccadfffff,Lucknow,Lucknow,Uttar Pradesh
C-00380,JOB_SCAM,16505977,2026-09-08T19:56:22.935132+00:00,26.895398012503584,80.93055393034489,883d8dcf19fffff,Lucknow,Lucknow,Uttar Pradesh
C-00381,PHISHING,7460997,2026-06-11T12:40:35.003370+00:00,23.04000372353719,72.54767694171716,8842ceb4adfffff,Ahmedabad,Ahmedabad,Gujarat
C-00382,PHISHING,20426874,2026-08-11T03:08:43.043963+00:00,26.86525271709614,80.9765015490691,883d8dcc29fffff,Lucknow,Lucknow,Uttar Pradesh
C-00383,PHISHING,49632009,2026-08-23T11:28:50.236750+00:00,26.88621614933604,80.95596183502694,883d8dcc45fffff,Lucknow,Lucknow,Uttar Pradesh
C-00384,PHISHING,34075043,2026-06-17T10:57:47.922648+00:00,28.593139919340302,77.05271135105404,883da11059fffff,Delhi,New Delhi,Delhi
C-00385,CARD_FRAUD,20643743,2026-06-06T04:20:27.583016+00:00,17.471535075874407,78.41684976831067,8860b19699fffff,Hyderabad,Hyderabad,Telangana
C-00386,JOB_SCAM,9253260,2026-07-20T14:46:54.195551+00:00,13.093939600051085,80.2138065463379,88618c4d29fffff,Chennai,Chennai,Tamil Nadu
C-00387,INVESTMENT_SCAM,95017640,2026-07-27T14:52:56.065144+00:00,13.021613275297225,77.55933685555414,886014594bfffff,Bengaluru,Bengaluru Urban,Karnataka
C-00388,CARD_FRAUD,11223244,2026-06-24T00:03:32.640688+00:00,13.036541893755931,80.23236954186184,88618c4f07fffff,Chennai,Chennai,Tamil Nadu
C-00389,UPI_FRAUD,12686912,2026-07-21T08:16:16.065868+00:00,23.02346154674458,72.46135553764928,8842ceb55dfffff,Ahmedabad,Ahmedabad,Gujarat
C-00390,UPI_FRAUD,34326076,2026-06-21T12:18:07.447098+00:00,23.012665101894097,72.61459123850767,8842cea639fffff,Ahmedabad,Ahmedabad,Gujarat
C-00391,UPI_FRAUD,6698087,2026-06-29T13:50:03.490941+00:00,17.433889764500815,78.49297275790981,8860b52c93fffff,Hyderabad,Hyderabad,Telangana
C-00392,INVESTMENT_SCAM,1610024424,2026-06-05T13:46:12.644578+00:00,23.03882968969074,72.45088440191132,8842ceb739fffff,Ahmedabad,Ahmedabad,Gujarat
C-00393,PHISHING,38005073,2026-07-16T10:30:25.572904+00:00,19.006574941399176,72.83494767513447,88608b0a47fffff,Mumbai,Mumbai Suburban,Maharashtra
C-00394,JOB_SCAM,8851810,2026-06-16T15:53:21.697041+00:00,17.439858033477748,78.35745949601014,8860a24a6bfffff,Hyderabad,Hyderabad,Telangana
C-00395,CARD_FRAUD,59012021,2026-09-07T02:46:43.034831+00:00,23.037994656978515,72.55278908880577,8842ceb4adfffff,Ahmedabad,Ahmedabad,Gujarat
C-00396,QR_FRAUD,1218839,2026-06-08T20:03:47.313817+00:00,13.072239624499572,80.1999361734761,88618c4d0bfffff,Chennai,Chennai,Tamil Nadu
C-00397,QR_FRAUD,19842803,2026-07-07T16:44:39.899253+00:00,12.93170374243478,80.10582555969475,88618c45bdfffff,Chennai,Chennai,Tamil Nadu
C-00398,INVESTMENT_SCAM,149593088,2026-08-14T14:59:44.118313+00:00,23.020352614916682,72.54139322649993,8842ceb5d7fffff,Ahmedabad,Ahmedabad,Gujarat
C-00399,CARD_FRAUD,215470109,2026-08-26T02:05:31.609737+00:00,13.04793414429182,80.24824925257106,88618c4f2dfffff,Chennai,Chennai,Tamil Nadu
C-00400,INVESTMENT_SCAM,147005613,2026-06-11T14:20:18.624045+00:00,28.53166459314819,77.23599194150054,883da1028bfffff,Delhi,New Delhi,Delhi
C-00401,QR_FRAUD,11330467,2026-08-26T01:59:50.457377+00:00,28.57716407644017,77.03072540706107,883da11041fffff,Delhi,New Delhi,Delhi
C-00402,JOB_SCAM,5602066,2026-08-02T02:55:51.039564+00:00,19.048802536590056,72.88768364327635,88608b19a5fffff,Mumbai,Mumbai Suburban,Maharashtra
C-00403,UPI_FRAUD,29539250,2026-07-14T06:16:03.401756+00:00,17.426652033156664,78.4897123062466,8860b52c93fffff,Hyderabad,Hyderabad,Telangana
C-00404,QR_FRAUD,17649721,2026-07-16T12:12:28.104805+00:00,17.430288620587632,78.5082858744671,8860b52c9dfffff,Hyderabad,Hyderabad,Telangana
C-00405,QR_FRAUD,12764064,2026-07-20T22:55:08.907326+00:00,19.223719192232817,72.84678115079964,88608b4461fffff,Mumbai,Mumbai Suburban,Maharashtra
C-00406,PHISHING,17884664,2026-06-25T11:47:55.723882+00:00,13.053576047916085,80.23414819083341,88618c4f27fffff,Chennai,Chennai,Tamil Nadu
C-00407,QR_FRAUD,9756941,2026-07-29T19:00:35.392928+00:00,22.984405569735525,72.5835817506826,8842cea753fffff,Ahmedabad,Ahmedabad,Gujarat
C-00408,UPI_FRAUD,18319515,2026-07-02T21:05:46.687509+00:00,12.985407858012996,77.73301594618853,8861892191fffff,Bengaluru,Bengaluru Urban,Karnataka
C-00409,JOB_SCAM,9402456,2026-07-09T12:03:48.921489+00:00,12.975806961762451,77.65093205525562,8861892ec1fffff,Bengaluru,Bengaluru Urban,Karnataka
C-00410,QR_FRAUD,22027063,2026-06-08T19:08:17.564213+00:00,13.086748176732618,80.21963895405926,88618c4d63fffff,Chennai,Chennai,Tamil Nadu
C-00411,CARD_FRAUD,63007868,2026-08-24T00:44:15.497445+00:00,19.247019924137224,72.86851289082698,88608b454bfffff,Mumbai,Mumbai Suburban,Maharashtra
C-00412,QR_FRAUD,21379146,2026-08-31T20:11:57.813658+00:00,23.051514060451392,72.46601558675044,8842ceb469fffff,Ahmedabad,Ahmedabad,Gujarat
C-00413,CARD_FRAUD,79479124,2026-06-28T15:39:17.984580+00:00,19.0347918986206,72.91485847162728,88608b1933fffff,Mumbai,Mumbai Suburban,Maharashtra
C-00414,JOB_SCAM,7084216,2026-06-02T14:37:06.118832+00:00,26.869744190740146,80.94521790829819,883d8dcc6dfffff,Lucknow,Lucknow,Uttar Pradesh
C-00415,QR_FRAUD,46179980,2026-08-07T19:18:19.901252+00:00,13.041143141973485,77.57385261603513,8861892c93fffff,Bengaluru,Bengaluru Urban,Karnataka
C-00416,CARD_FRAUD,28694254,2026-08-08T03:05:26.760499+00:00,13.032375590967602,77.55001164713137,8860145943fffff,Bengaluru,Bengaluru Urban,Karnataka
C-00417,PHISHING,28531744,2026-07-14T10:08:16.350577+00:00,22.983147557866577,72.60121812343728,8842cea71bfffff,Ahmedabad,Ahmedabad,Gujarat
C-00418,UPI_FRAUD,27439587,2026-06-19T03:25:07.666577+00:00,28.642210960329177,77.20966764755079,883da1144bfffff,Delhi,New Delhi,Delhi
C-00419,UPI_FRAUD,33893715,2026-06-23T10:27:14.589740+00:00,26.88432209785182,80.97378086435207,883d8dcc0dfffff,Lucknow,Lucknow,Uttar Pradesh
C-00420,QR_FRAUD,3288943,2026-07-20T07:17:09.700679+00:00,17.370278799602506,78.5411961052729,8860b52ed7fffff,Hyderabad,Hyderabad,Telangana
C-00421,CARD_FRAUD,16623561,2026-09-08T01:38:51.448848+00:00,17.426012156587195,78.35941993125186,8860a24a45fffff,Hyderabad,Hyderabad,Telangana
C-00422,JOB_SCAM,17273993,2026-08-22T14:39:57.531112+00:00,28.540781948062442,77.26942155999168,883da1074dfffff,Delhi,New Delhi,Delhi
C-00423,CARD_FRAUD,211519259,2026-08-12T18:00:18.004385+00:00,19.06012612526074,72.90153811751371,88608b569dfffff,Mumbai,Mumbai Suburban,Maharashtra
C-00424,CARD_FRAUD,205640273,2026-09-04T01:42:43.308048+00:00,26.846027746210265,80.94120041626309,883d8dcd43fffff,Lucknow,Lucknow,Uttar Pradesh
C-00425,INVESTMENT_SCAM,173856983,2026-08-08T15:57:12.926216+00:00,26.873684970688,80.94902465542576,883d8dcc6dfffff,Lucknow,Lucknow,Uttar Pradesh
C-00426,CARD_FRAUD,7429399,2026-07-12T01:32:08.537992+00:00,13.067017104650462,80.21878243865972,88618c4d47fffff,Chennai,Chennai,Tamil Nadu
C-00427,JOB_SCAM,8041606,2026-07-27T00:48:16.393964+00:00,19.2185450020288,72.84974616954437,88608b4469fffff,Mumbai,Mumbai Suburban,Maharashtra
C-00428,PHISHING,16878313,2026-06-15T21:59:43.799575+00:00,17.469355661232843,78.41970879558434,8860b196d3fffff,Hyderabad,Hyderabad,Telangana
C-00429,PHISHING,18235949,2026-09-08T11:06:11.013120+00:00,12.915231518831014,77.6316270437201,8861892427fffff,Bengaluru,Bengaluru Urban,Karnataka
C-00430,PHISHING,6826455,2026-09-11T01:06:17.719928+00:00,13.089678004540087,80.19180171928747,88618c4d31fffff,Chennai,Chennai,Tamil Nadu
C-00431,QR_FRAUD,22566873,2026-08-19T16:17:28.550907+00:00,17.503543360194875,78.4063266239269,8860b196b3fffff,Hyderabad,Hyderabad,Telangana
C-00432,INVESTMENT_SCAM,326942157,2026-06-11T01:35:58.976736+00:00,17.470791702092217,78.41509160441817,8860b19699fffff,Hyderabad,Hyderabad,Telangana
C-00433,QR_FRAUD,7501886,2026-09-01T19:39:23.141135+00:00,17.428926740147197,78.4868888776151,8860a25945fffff,Hyderabad,Hyderabad,Telangana
C-00434,JOB_SCAM,8697269,2026-06-30T06:53:02.265584+00:00,13.067085130045378,80.1937392746462,88618c4d1dfffff,Chennai,Chennai,Tamil Nadu
C-00435,QR_FRAUD,11029972,2026-07-10T20:24:51.505036+00:00,19.23933399727112,72.84421596748805,88608b4553fffff,Mumbai,Mumbai Suburban,Maharashtra
C-00436,INVESTMENT_SCAM,557843044,2026-06-19T12:16:20.924747+00:00,13.039207206799983,77.5370339722591,886014590bfffff,Bengaluru,Bengaluru Urban,Karnataka
C-00437,INVESTMENT_SCAM,320577410,2026-08-08T12:16:48.824132+00:00,23.056030724147785,72.54679117237245,8842ceb48dfffff,Ahmedabad,Ahmedabad,Gujarat
C-00438,JOB_SCAM,13349855,2026-08-21T16:50:54.853378+00:00,13.06785521815857,80.20422165072347,88618c4d0bfffff,Chennai,Chennai,Tamil Nadu
C-00439,CARD_FRAUD,114799739,2026-08-25T17:35:53.845510+00:00,26.82918140104003,81.02085548521342,883d8dcd87fffff,Lucknow,Lucknow,Uttar Pradesh
C-00440,PHISHING,102605363,2026-06-05T03:16:18.151921+00:00,13.015240488199618,77.54055169618462,8860145959fffff,Bengaluru,Bengaluru Urban,Karnataka
C-00441,QR_FRAUD,11823057,2026-06-21T19:49:56.016801+00:00,23.02834149617451,72.54410321784316,8842ceb5d3fffff,Ahmedabad,Ahmedabad,Gujarat
C-00442,QR_FRAUD,13330890,2026-08-10T18:49:42.368271+00:00,22.985637069935535,72.61829569077678,8842cea441fffff,Ahmedabad,Ahmedabad,Gujarat
C-00443,INVESTMENT_SCAM,80759525,2026-06-22T13:58:10.383211+00:00,23.00532901715393,72.60675075896089,8842cea63dfffff,Ahmedabad,Ahmedabad,Gujarat
C-00444,JOB_SCAM,6439452,2026-08-22T08:21:48.508010+00:00,26.88651516093484,80.9919797441596,883d8dcc1dfffff,Lucknow,Lucknow,Uttar Pradesh
C-00445,PHISHING,15287307,2026-07-21T10:13:26.768235+00:00,12.968303835620508,77.62252130261678,8861892ed3fffff,Bengaluru,Bengaluru Urban,Karnataka
C-00446,JOB_SCAM,13986043,2026-07-07T13:15:31.707375+00:00,19.06311220945051,72.89479169802509,88608b5691fffff,Mumbai,Mumbai Suburban,Maharashtra
C-00447,PHISHING,39807242,2026-08-28T09:58:08.436463+00:00,26.840760473748,80.96522932481811,883d8dcd1dfffff,Lucknow,Lucknow,Uttar Pradesh
C-00448,QR_FRAUD,3497463,2026-07-28T19:15:48.337198+00:00,26.88704241928534,80.96629229498102,883d8dcc47fffff,Lucknow,Lucknow,Uttar Pradesh
C-00449,JOB_SCAM,7707960,2026-07-16T03:54:44.386475+00:00,12.987435421807554,77.66050641531142,8861892e13fffff,Bengaluru,Bengaluru Urban,Karnataka
C-00450,PHISHING,13344792,2026-06-20T07:11:02.029976+00:00,23.04823734477845,72.45364856648497,8842ceb715fffff,Ahmedabad,Ahmedabad,Gujarat
C-00451,QR_FRAUD,3741670,2026-07-29T17:32:53.888478+00:00,28.60235757539332,77.04850349499094,883da112edfffff,Delhi,New Delhi,Delhi
C-00452,CARD_FRAUD,27850695,2026-06-22T19:40:56.674454+00:00,13.040734746345645,77.55791999734244,8860145947fffff,Bengaluru,Bengaluru Urban,Karnataka
C-00453,JOB_SCAM,2834141,2026-08-30T10:19:09.258220+00:00,19.011276795996952,72.84247307575795,88608b0a6bfffff,Mumbai,Mumbai Suburban,Maharashtra
C-00454,INVESTMENT_SCAM,70169036,2026-06-18T15:32:24.187822+00:00,12.984330090924194,80.21105369371908,88618c4e29fffff,Chennai,Chennai,Tamil Nadu
C-00455,JOB_SCAM,27873207,2026-06-06T16:57:14.132321+00:00,13.043109066044842,77.5380151634494,8860145903fffff,Bengaluru,Bengaluru Urban,Karnataka
C-00456,INVESTMENT_SCAM,423759871,2026-09-04T13:49:42.423081+00:00,23.047039433995057,72.47793391129888,8842ceb46bfffff,Ahmedabad,Ahmedabad,Gujarat
C-00457,PHISHING,53354079,2026-07-02T14:51:33.242067+00:00,13.045245851818938,80.22827500822304,88618c4f23fffff,Chennai,Chennai,Tamil Nadu
C-00458,UPI_FRAUD,3968707,2026-07-29T10:33:11.416162+00:00,13.019450206421316,77.55105824542076,8860145b37fffff,Bengaluru,Bengaluru Urban,Karnataka
C-00459,JOB_SCAM,9934598,2026-08-03T15:21:04.264865+00:00,26.867908282698906,80.93396812885565,883d8dcf31fffff,Lucknow,Lucknow,Uttar Pradesh
C-00460,PHISHING,48584312,2026-08-24T15:30:26.687475+00:00,12.926275807984915,80.10805889704758,88618c4587fffff,Chennai,Chennai,Tamil Nadu
C-00461,QR_FRAUD,14373477,2026-09-04T18:36:54.433921+00:00,23.033028066008058,72.47984244930596,8842ceb55bfffff,Ahmedabad,Ahmedabad,Gujarat
C-00462,CARD_FRAUD,56330091,2026-06-02T20:19:02.688040+00:00,26.88999584232771,80.96278272265934,883d8dcc47fffff,Lucknow,Lucknow,Uttar Pradesh
C-00463,INVESTMENT_SCAM,235733033,2026-07-16T03:30:59.784186+00:00,12.927701092673566,80.08274033225611,88618c7a6dfffff,Chennai,Chennai,Tamil Nadu
C-00464,UPI_FRAUD,44751172,2026-08-30T20:20:06.830867+00:00,12.975760028209942,80.20984638987319,88618c4e05fffff,Chennai,Chennai,Tamil Nadu
C-00465,INVESTMENT_SCAM,172835977,2026-08-13T09:47:34.384220+00:00,13.024524609836936,77.53876755270598,8860145951fffff,Bengaluru,Bengaluru Urban,Karnataka
C-00466,CARD_FRAUD,51885124,2026-06-03T03:14:45.756409+00:00,23.04247231623268,72.54632074890414,8842ceb4e7fffff,Ahmedabad,Ahmedabad,Gujarat
C-00467,PHISHING,23500487,2026-09-07T05:20:02.671343+00:00,26.851427143911696,80.9419929032923,883d8dcd5dfffff,Lucknow,Lucknow,Uttar Pradesh
C-00468,CARD_FRAUD,13435458,2026-06-05T00:00:35.985575+00:00,28.53994822583947,77.25265760935514,883da10299fffff,Delhi,New Delhi,Delhi
C-00469,UPI_FRAUD,34329250,2026-09-02T06:29:48.829728+00:00,17.45831142564341,78.3940854535865,8860a259a3fffff,Hyderabad,Hyderabad,Telangana
C-00470,PHISHING,66327547,2026-09-12T10:58:59.866256+00:00,17.47557777600201,78.40268168170549,8860b1969bfffff,Hyderabad,Hyderabad,Telangana
C-00471,UPI_FRAUD,40145183,2026-08-06T00:10:10.103294+00:00,13.022110522718057,77.56946244570511,8860145949fffff,Bengaluru,Bengaluru Urban,Karnataka
C-00472,INVESTMENT_SCAM,72184411,2026-06-24T14:26:43.456424+00:00,17.4623530566332,78.39321914756502,8860a24b49fffff,Hyderabad,Hyderabad,Telangana
C-00473,JOB_SCAM,5719539,2026-09-02T12:58:19.461790+00:00,12.90744970558904,80.08917603548838,88618c459bfffff,Chennai,Chennai,Tamil Nadu
C-00474,INVESTMENT_SCAM,376869912,2026-06-20T19:31:49.221078+00:00,17.43784437828757,78.36017431668238,8860a24a6bfffff,Hyderabad,Hyderabad,Telangana
C-00475,PHISHING,19602696,2026-06-24T12:33:51.617033+00:00,12.95649541123502,77.64526492919747,8861892531fffff,Bengaluru,Bengaluru Urban,Karnataka
C-00476,CARD_FRAUD,16540789,2026-06-09T03:25:11.024495+00:00,19.018286552544563,72.85936984726126,88608b1997fffff,Mumbai,Mumbai Suburban,Maharashtra
C-00477,UPI_FRAUD,11994720,2026-08-21T14:09:06.019100+00:00,19.0343430681094,72.84544678804583,88608b0b5bfffff,Mumbai,Mumbai Suburban,Maharashtra
C-00478,UPI_FRAUD,10593033,2026-08-17T21:06:26.445850+00:00,23.022826555533374,72.45439455656481,8842ceb54bfffff,Ahmedabad,Ahmedabad,Gujarat
C-00479,JOB_SCAM,4537176,2026-08-17T14:39:08.066760+00:00,23.031335122804343,72.57675961060575,8842cea641fffff,Ahmedabad,Ahmedabad,Gujarat
C-00480,QR_FRAUD,4314399,2026-06-27T03:54:10.771540+00:00,12.953927597466059,77.6317129569763,88618925e5fffff,Bengaluru,Bengaluru Urban,Karnataka
C-00481,QR_FRAUD,13205220,2026-09-03T18:16:57.222160+00:00,23.051893698648815,72.47914430949339,8842ceb46bfffff,Ahmedabad,Ahmedabad,Gujarat
C-00482,INVESTMENT_SCAM,478879602,2026-06-29T23:43:37.037118+00:00,12.91886261680708,77.63468048183698,8861892427fffff,Bengaluru,Bengaluru Urban,Karnataka
C-00483,QR_FRAUD,4212286,2026-08-04T18:26:14.639285+00:00,23.048087080984942,72.45890173549242,8842ceb717fffff,Ahmedabad,Ahmedabad,Gujarat
C-00484,QR_FRAUD,4044760,2026-09-03T01:10:50.934545+00:00,22.98877448047699,72.5875997496481,8842cea753fffff,Ahmedabad,Ahmedabad,Gujarat
C-00485,UPI_FRAUD,7506957,2026-07-10T21:01:12.136075+00:00,13.022968234363361,80.23017546762537,88618c4f03fffff,Chennai,Chennai,Tamil Nadu
C-00486,CARD_FRAUD,10969840,2026-09-09T11:08:00.012317+00:00,13.0889136272133,80.21577835588714,88618c4d29fffff,Chennai,Chennai,Tamil Nadu
C-00487,JOB_SCAM,9140249,2026-06-11T20:40:40.580115+00:00,12.917338414039444,80.10430253279053,88618c4583fffff,Chennai,Chennai,Tamil Nadu
C-00488,CARD_FRAUD,13208292,2026-09-07T02:26:15.317954+00:00,26.855305277038394,80.99916812620665,883d8dcdcbfffff,Lucknow,Lucknow,Uttar Pradesh
C-00489,CARD_FRAUD,10434967,2026-08-08T08:08:53.709719+00:00,19.03566357897181,72.82437647792524,88608b0a23fffff,Mumbai,Mumbai Suburban,Maharashtra
C-00490,PHISHING,12139642,2026-08-25T12:03:57.006242+00:00,12.929979939005571,77.61387351872288,88618925c7fffff,Bengaluru,Bengaluru Urban,Karnataka
C-00491,UPI_FRAUD,13493567,2026-07-27T21:39:12.749958+00:00,12.927750145408131,80.1082823436002,88618c4587fffff,Chennai,Chennai,Tamil Nadu
C-00492,UPI_FRAUD,1466872,2026-07-03T22:35:53.631807+00:00,13.059728080645144,80.22585432637209,88618c4d41fffff,Chennai,Chennai,Tamil Nadu
C-00493,PHISHING,23218630,2026-06-21T11:39:23.007139+00:00,13.015704724193876,77.54160730009326,8860145959fffff,Bengaluru,Bengaluru Urban,Karnataka
C-00494,CARD_FRAUD,28342724,2026-07-10T01:01:02.670250+00:00,26.887672886125266,80.94768817568719,883d8dcf13fffff,Lucknow,Lucknow,Uttar Pradesh
C-00495,CARD_FRAUD,70271578,2026-06-30T23:37:01.123730+00:00,28.648143530550772,77.18123490917867,883da11621fffff,Delhi,New Delhi,Delhi
C-00496,QR_FRAUD,13459454,2026-06-17T05:08:59.857869+00:00,13.074373085700035,80.20426603969524,88618c4d0bfffff,Chennai,Chennai,Tamil Nadu
C-00497,CARD_FRAUD,217736185,2026-07-30T13:50:22.382008+00:00,28.583176891917585,77.04772734343457,883da1105dfffff,Delhi,New Delhi,Delhi
C-00498,JOB_SCAM,3235422,2026-07-15T00:51:08.783244+00:00,23.03319281943148,72.46674846296774,8842ceb559fffff,Ahmedabad,Ahmedabad,Gujarat
C-00499,PHISHING,174050687,2026-06-09T12:42:36.214952+00:00,26.853647203206492,80.96374467404699,883d8dcd53fffff,Lucknow,Lucknow,Uttar Pradesh
C-00500,PHISHING,12982899,2026-07-10T10:08:00.243441+00:00,12.969201256007636,77.76118209462717,88618921cbfffff,Bengaluru,Bengaluru Urban,Karnataka
