postId,atmId,shiftStartHourIst,shiftEndHourIst
GRD-00001,ATM-001,6,14
GRD-00002,ATM-001,14,22
GRD-00003,ATM-001,22,6
GRD-00004,ATM-002,6,14
GRD-00005,ATM-002,14,22
GRD-00006,ATM-002,22,6
GRD-00007,ATM-003,6,14
GRD-00008,ATM-003,14,22
GRD-00009,ATM-003,22,6
GRD-00010,ATM-004,6,14
GRD-00011,ATM-004,14,22
GRD-00012,ATM-004,22,6
GRD-00013,ATM-005,6,14
GRD-00014,ATM-005,14,22
GRD-00015,ATM-006,6,14
GRD-00016,ATM-006,14,22
GRD-00017,ATM-007,6,14
GRD-00018,ATM-007,14,22
GRD-00019,ATM-008,6,14
GRD-00020,ATM-008,14,22
GRD-00021,ATM-009,6,14
GRD-00022,ATM-009,14,22
GRD-00023,ATM-010,6,14
GRD-00024,ATM-010,14,22
GRD-00025,ATM-011,6,14
GRD-00026,ATM-011,14,22
GRD-00027,ATM-012,6,14
GRD-00028,ATM-012,14,22
GRD-00029,ATM-013,6,14
GRD-00030,ATM-013,14,22
GRD-00031,ATM-014,6,14
GRD-00032,ATM-014,14,22
GRD-00033,ATM-015,6,14
GRD-00034,ATM-015,14,22
GRD-00035,ATM-016,6,14
GRD-00036,ATM-016,14,22
GRD-00037,ATM-017,6,14
GRD-00038,ATM-017,14,22
GRD-00039,ATM-018,6,14
GRD-00040,ATM-018,14,22
GRD-00041,ATM-019,6,14
GRD-00042,ATM-019,14,22
GRD-00043,ATM-020,6,14
GRD-00044,ATM-020,14,22
GRD-00045,ATM-021,6,14
GRD-00046,ATM-021,14,22
GRD-00047,ATM-022,6,14
GRD-00048,ATM-022,14,22
GRD-00049,ATM-023,6,14
GRD-00050,ATM-023,14,22
GRD-00051,ATM-024,6,14
GRD-00052,ATM-024,14,22
GRD-00053,ATM-025,6,14
GRD-00054,ATM-025,14,22
GRD-00055,ATM-026,6,14
GRD-00056,ATM-026,14,22
GRD-00057,ATM-027,6,14
GRD-00058,ATM-027,14,22
GRD-00059,ATM-028,6,14
GRD-00060,ATM-028,14,22
GRD-00061,ATM-029,6,14
GRD-00062,ATM-029,14,22
GRD-00063,ATM-030,6,14
GRD-00064,ATM-030,14,22
GRD-00065,ATM-031,6,14
GRD-00066,ATM-031,14,22
GRD-00067,ATM-032,6,14
GRD-00068,ATM-032,14,22
GRD-00069,ATM-033,6,14
GRD-00070,ATM-033,14,22
GRD-00071,ATM-034,6,14
GRD-00072,ATM-034,14,22
GRD-00073,ATM-035,6,14
GRD-00074,ATM-035,14,22
GRD-00075,ATM-036,6,14
GRD-00076,ATM-036,14,22
GRD-00077,ATM-037,6,14
GRD-00078,ATM-037,14,22
GRD-00079,ATM-038,6,14
GRD-00080,ATM-038,14,22
GRD-00081,ATM-039,6,14
GRD-00082,ATM-039,14,22
GRD-00083,ATM-040,6,14
GRD-00084,ATM-040,14,22
GRD-00085,ATM-041,6,14
GRD-00086,ATM-041,14,22
GRD-00087,ATM-042,6,14
GRD-00088,ATM-042,14,22
GRD-00089,ATM-043,6,14
GRD-00090,ATM-043,14,22
GRD-00091,ATM-044,6,14
GRD-00092,ATM-044,14,22
GRD-00093,ATM-045,6,14
GRD-00094,ATM-045,14,22
GRD-00095,ATM-046,6,14
GRD-00096,ATM-046,14,22
GRD-00097,ATM-047,6,14
GRD-00098,ATM-047,14,22
GRD-00099,ATM-048,6,14
GRD-00100,ATM-048,14,22
GRD-00101,ATM-049,6,14
GRD-00102,ATM-049,14,22
GRD-00103,ATM-050,6,14
GRD-00104,ATM-050,14,22
GRD-00105,ATM-051,6,14
GRD-00106,ATM-051,14,22
GRD-00107,ATM-052,6,14
GRD-00108,ATM-052,14,22
GRD-00109,ATM-053,6,14
GRD-00110,ATM-053,14,22
GRD-00111,ATM-054,6,14
GRD-00112,ATM-054,14,22
GRD-00113,ATM-055,6,14
GRD-00114,ATM-055,14,22
GRD-00115,ATM-056,6,14
GRD-00116,ATM-056,14,22
GRD-00117,ATM-057,6,14
GRD-00118,ATM-057,14,22
GRD-00119,ATM-058,6,14
GRD-00120,ATM-058,14,22
GRD-00121,ATM-059,6,14
GRD-00122,ATM-059,14,22
GRD-00123,ATM-060,6,14
GRD-00124,ATM-060,14,22
GRD-00125,ATM-061,6,14
GRD-00126,ATM-061,14,22
GRD-00127,ATM-062,6,14
GRD-00128,ATM-062,14,22
GRD-00129,ATM-063,6,14
GRD-00130,ATM-063,14,22
GRD-00131,ATM-064,6,14
GRD-00132,ATM-064,14,22
GRD-00133,ATM-065,6,14
GRD-00134,ATM-065,14,22
GRD-00135,ATM-066,6,14
GRD-00136,ATM-066,14,22
GRD-00137,ATM-067,6,14
GRD-00138,ATM-067,14,22
GRD-00139,ATM-068,6,14
GRD-00140,ATM-068,14,22
GRD-00141,ATM-069,6,14
GRD-00142,ATM-069,14,22
GRD-00143,ATM-070,6,14
GRD-00144,ATM-070,14,22
GRD-00145,ATM-071,6,14
GRD-00146,ATM-071,14,22
GRD-00147,ATM-072,6,14
GRD-00148,ATM-072,14,22
GRD-00149,ATM-073,6,14
GRD-00150,ATM-073,14,22
GRD-00151,ATM-074,6,14
GRD-00152,ATM-074,14,22
GRD-00153,ATM-075,6,14
GRD-00154,ATM-075,14,22
GRD-00155,ATM-076,6,14
GRD-00156,ATM-076,14,22
GRD-00157,ATM-076,22,6
GRD-00158,ATM-077,6,14
GRD-00159,ATM-077,14,22
GRD-00160,ATM-077,22,6
GRD-00161,ATM-078,6,14
GRD-00162,ATM-078,14,22
GRD-00163,ATM-078,22,6
GRD-00164,ATM-079,6,14
GRD-00165,ATM-079,14,22
GRD-00166,ATM-079,22,6
GRD-00167,ATM-080,6,14
GRD-00168,ATM-080,14,22
GRD-00169,ATM-081,6,14
GRD-00170,ATM-081,14,22
GRD-00171,ATM-082,6,14
GRD-00172,ATM-082,14,22
GRD-00173,ATM-083,6,14
GRD-00174,ATM-083,14,22
GRD-00175,ATM-084,6,14
GRD-00176,ATM-084,14,22
GRD-00177,ATM-085,6,14
GRD-00178,ATM-085,14,22
GRD-00179,ATM-086,6,14
GRD-00180,ATM-086,14,22
GRD-00181,ATM-087,6,14
GRD-00182,ATM-087,14,22
GRD-00183,ATM-088,6,14
GRD-00184,ATM-088,14,22
GRD-00185,ATM-089,6,14
GRD-00186,ATM-089,14,22
GRD-00187,ATM-090,6,14
GRD-00188,ATM-090,14,22
GRD-00189,ATM-091,6,14
GRD-00190,ATM-091,14,22
GRD-00191,ATM-092,6,14
GRD-00192,ATM-092,14,22
GRD-00193,ATM-093,6,14
GRD-00194,ATM-093,14,22
GRD-00195,ATM-094,6,14
GRD-00196,ATM-094,14,22
GRD-00197,ATM-095,6,14
GRD-00198,ATM-095,14,22
GRD-00199,ATM-096,6,14
GRD-00200,ATM-096,14,22
GRD-00201,ATM-097,6,14
GRD-00202,ATM-097,14,22
GRD-00203,ATM-098,6,14
GRD-00204,ATM-098,14,22
GRD-00205,ATM-099,6,14
GRD-00206,ATM-099,14,22
GRD-00207,ATM-100,6,14
GRD-00208,ATM-100,14,22
GRD-00209,ATM-101,6,14
GRD-00210,ATM-101,14,22
GRD-00211,ATM-102,6,14
GRD-00212,ATM-102,14,22
GRD-00213,ATM-103,6,14
GRD-00214,ATM-103,14,22
GRD-00215,ATM-104,6,14
GRD-00216,ATM-104,14,22
GRD-00217,ATM-105,6,14
GRD-00218,ATM-105,14,22
GRD-00219,ATM-106,6,14
GRD-00220,ATM-106,14,22
GRD-00221,ATM-107,6,14
GRD-00222,ATM-107,14,22
GRD-00223,ATM-108,6,14
GRD-00224,ATM-108,14,22
GRD-00225,ATM-109,6,14
GRD-00226,ATM-109,14,22
GRD-00227,ATM-110,6,14
GRD-00228,ATM-110,14,22
GRD-00229,ATM-111,6,14
GRD-00230,ATM-111,14,22
GRD-00231,ATM-112,6,14
GRD-00232,ATM-112,14,22
GRD-00233,ATM-113,6,14
GRD-00234,ATM-113,14,22
GRD-00235,ATM-114,6,14
GRD-00236,ATM-114,14,22
GRD-00237,ATM-115,6,14
GRD-00238,ATM-115,14,22
GRD-00239,ATM-116,6,14
GRD-00240,ATM-116,14,22
GRD-00241,ATM-117,6,14
GRD-00242,ATM-117,14,22
GRD-00243,ATM-118,6,14
GRD-00244,ATM-118,14,22
GRD-00245,ATM-119,6,14
GRD-00246,ATM-119,14,22
GRD-00247,ATM-120,6,14
GRD-00248,ATM-120,14,22
GRD-00249,ATM-121,6,14
GRD-00250,ATM-121,14,22
GRD-00251,ATM-122,6,14
GRD-00252,ATM-122,14,22
GRD-00253,ATM-123,6,14
GRD-00254,ATM-123,14,22
GRD-00255,ATM-124,6,14
GRD-00256,ATM-124,14,22
GRD-00257,ATM-125,6,14
GRD-00258,ATM-125,14,22
GRD-00259,ATM-126,6,14
GRD-00260,ATM-126,14,22
GRD-00261,ATM-127,6,14
GRD-00262,ATM-127,14,22
GRD-00263,ATM-128,6,14
GRD-00264,ATM-128,14,22
GRD-00265,ATM-129,6,14
GRD-00266,ATM-129,14,22
GRD-00267,ATM-130,6,14
GRD-00268,ATM-130,14,22
GRD-00269,ATM-131,6,14
GRD-00270,ATM-131,14,22
GRD-00271,ATM-132,6,14
GRD-00272,ATM-132,14,22
GRD-00273,ATM-133,6,14
GRD-00274,ATM-133,14,22
GRD-00275,ATM-134,6,14
GRD-00276,ATM-134,14,22
GRD-00277,ATM-135,6,14
GRD-00278,ATM-135,14,22
GRD-00279,ATM-136,6,14
GRD-00280,ATM-136,14,22
GRD-00281,ATM-137,6,14
GRD-00282,ATM-137,14,22
GRD-00283,ATM-138,6,14
GRD-00284,ATM-138,14,22
GRD-00285,ATM-139,6,14
GRD-00286,ATM-139,14,22
GRD-00287,ATM-140,6,14
GRD-00288,ATM-140,14,22
GRD-00289,ATM-141,6,14
GRD-00290,ATM-141,14,22
GRD-00291,ATM-142,6,14
GRD-00292,ATM-142,14,22
GRD-00293,ATM-143,6,14
GRD-00294,ATM-143,14,22
GRD-00295,ATM-144,6,14
GRD-00296,ATM-144,14,22
GRD-00297,ATM-145,6,14
GRD-00298,ATM-145,14,22
GRD-00299,ATM-146,6,14
GRD-00300,ATM-146,14,22
GRD-00301,ATM-147,6,14
GRD-00302,ATM-147,14,22
GRD-00303,ATM-148,6,14
GRD-00304,ATM-148,14,22
GRD-00305,ATM-149,6,14
GRD-00306,ATM-149,14,22
GRD-00307,ATM-150,6,14
GRD-00308,ATM-150,14,22
GRD-00309,ATM-151,6,14
GRD-00310,ATM-151,14,22
GRD-00311,ATM-151,22,6
GRD-00312,ATM-152,6,14
GRD-00313,ATM-152,14,22
GRD-00314,ATM-152,22,6
GRD-00315,ATM-153,6,14
GRD-00316,ATM-153,14,22
GRD-00317,ATM-153,22,6
GRD-00318,ATM-154,6,14
GRD-00319,ATM-154,14,22
GRD-00320,ATM-154,22,6
GRD-00321,ATM-155,6,14
GRD-00322,ATM-155,14,22
GRD-00323,ATM-156,6,14
GRD-00324,ATM-156,14,22
GRD-00325,ATM-157,6,14
GRD-00326,ATM-157,14,22
GRD-00327,ATM-158,6,14
GRD-00328,ATM-158,14,22
GRD-00329,ATM-159,6,14
GRD-00330,ATM-159,14,22
GRD-00331,ATM-160,6,14
GRD-00332,ATM-160,14,22
GRD-00333,ATM-161,6,14
GRD-00334,ATM-161,14,22
GRD-00335,ATM-162,6,14
GRD-00336,ATM-162,14,22
GRD-00337,ATM-163,6,14
GRD-00338,ATM-163,14,22
GRD-00339,ATM-164,6,14
GRD-00340,ATM-164,14,22
GRD-00341,ATM-165,6,14
GRD-00342,ATM-165,14,22
GRD-00343,ATM-166,6,14
GRD-00344,ATM-166,14,22
GRD-00345,ATM-167,6,14
GRD-00346,ATM-167,14,22
GRD-00347,ATM-168,6,14
GRD-00348,ATM-168,14,22
GRD-00349,ATM-169,6,14
GRD-00350,ATM-169,14,22
GRD-00351,ATM-170,6,14
GRD-00352,ATM-170,14,22
GRD-00353,ATM-171,6,14
GRD-00354,ATM-171,14,22
GRD-00355,ATM-172,6,14
GRD-00356,ATM-172,14,22
GRD-00357,ATM-173,6,14
GRD-00358,ATM-173,14,22
GRD-00359,ATM-174,6,14
GRD-00360,ATM-174,14,22
GRD-00361,ATM-175,6,14
GRD-00362,ATM-175,14,22
GRD-00363,ATM-176,6,14
GRD-00364,ATM-176,14,22
GRD-00365,ATM-177,6,14
GRD-00366,ATM-177,14,22
GRD-00367,ATM-178,6,14
GRD-00368,ATM-178,14,22
GRD-00369,ATM-179,6,14
GRD-00370,ATM-179,14,22
GRD-00371,ATM-180,6,14
GRD-00372,ATM-180,14,22
GRD-00373,ATM-181,6,14
GRD-00374,ATM-181,14,22
GRD-00375,ATM-182,6,14
GRD-00376,ATM-182,14,22
GRD-00377,ATM-183,6,14
GRD-00378,ATM-183,14,22
GRD-00379,ATM-184,6,14
GRD-00380,ATM-184,14,22
GRD-00381,ATM-185,6,14
GRD-00382,ATM-185,14,22
GRD-00383,ATM-186,6,14
GRD-00384,ATM-186,14,22
GRD-00385,ATM-187,6,14
GRD-00386,ATM-187,14,22
GRD-00387,ATM-188,6,14
GRD-00388,ATM-188,14,22
GRD-00389,ATM-189,6,14
GRD-00390,ATM-189,14,22
GRD-00391,ATM-190,6,14
GRD-00392,ATM-190,14,22
GRD-00393,ATM-191,6,14
GRD-00394,ATM-191,14,22
GRD-00395,ATM-192,6,14
GRD-00396,ATM-192,14,22
GRD-00397,ATM-193,6,14
GRD-00398,ATM-193,14,22
GRD-00399,ATM-194,6,14
GRD-00400,ATM-194,14,22
GRD-00401,ATM-195,6,14
GRD-00402,ATM-195,14,22
GRD-00403,ATM-196,6,14
GRD-00404,ATM-196,14,22
GRD-00405,ATM-197,6,14
GRD-00406,ATM-197,14,22
GRD-00407,ATM-198,6,14
GRD-00408,ATM-198,14,22
GRD-00409,ATM-199,6,14
GRD-00410,ATM-199,14,22
GRD-00411,ATM-200,6,14
GRD-00412,ATM-200,14,22
GRD-00413,ATM-201,6,14
GRD-00414,ATM-201,14,22
GRD-00415,ATM-202,6,14
GRD-00416,ATM-202,14,22
GRD-00417,ATM-203,6,14
GRD-00418,ATM-203,14,22
GRD-00419,ATM-204,6,14
GRD-00420,ATM-204,14,22
GRD-00421,ATM-205,6,14
GRD-00422,ATM-205,14,22
GRD-00423,ATM-206,6,14
GRD-00424,ATM-206,14,22
GRD-00425,ATM-207,6,14
GRD-00426,ATM-207,14,22
GRD-00427,ATM-208,6,14
GRD-00428,ATM-208,14,22
GRD-00429,ATM-209,6,14
GRD-00430,ATM-209,14,22
GRD-00431,ATM-210,6,14
GRD-00432,ATM-210,14,22
GRD-00433,ATM-211,6,14
GRD-00434,ATM-211,14,22
GRD-00435,ATM-212,6,14
GRD-00436,ATM-212,14,22
GRD-00437,ATM-213,6,14
GRD-00438,ATM-213,14,22
GRD-00439,ATM-214,6,14
GRD-00440,ATM-214,14,22
GRD-00441,ATM-215,6,14
GRD-00442,ATM-215,14,22
GRD-00443,ATM-216,6,14
GRD-00444,ATM-216,14,22
GRD-00445,ATM-217,6,14
GRD-00446,ATM-217,14,22
GRD-00447,ATM-218,6,14
GRD-00448,ATM-218,14,22
GRD-00449,ATM-219,6,14
GRD-00450,ATM-219,14,22
GRD-00451,ATM-220,6,14
GRD-00452,ATM-220,14,22
GRD-00453,ATM-221,6,14
GRD-00454,ATM-221,14,22
GRD-00455,ATM-222,6,14
GRD-00456,ATM-222,14,22
GRD-00457,ATM-223,6,14
GRD-00458,ATM-223,14,22
GRD-00459,ATM-224,6,14
GRD-00460,ATM-224,14,22
GRD-00461,ATM-225,6,14
GRD-00462,ATM-225,14,22
GRD-00463,ATM-225,22,6
GRD-00464,ATM-226,6,14
GRD-00465,ATM-226,14,22
GRD-00466,ATM-226,22,6
GRD-00467,ATM-227,6,14
GRD-00468,ATM-227,14,22
GRD-00469,ATM-227,22,6
GRD-00470,ATM-228,6,14
GRD-00471,ATM-228,14,22
GRD-00472,ATM-228,22,6
GRD-00473,ATM-229,6,14
GRD-00474,ATM-229,14,22
GRD-00475,ATM-230,6,14
GRD-00476,ATM-230,14,22
GRD-00477,ATM-231,6,14
GRD-00478,ATM-231,14,22
GRD-00479,ATM-232,6,14
GRD-00480,ATM-232,14,22
GRD-00481,ATM-233,6,14
GRD-00482,ATM-233,14,22
GRD-00483,ATM-234,6,14
GRD-00484,ATM-234,14,22
GRD-00485,ATM-235,6,14
GRD-00486,ATM-235,14,22
GRD-00487,ATM-236,6,14
GRD-00488,ATM-236,14,22
GRD-00489,ATM-237,6,14
GRD-00490,ATM-237,14,22
GRD-00491,ATM-238,6,14
GRD-00492,ATM-238,14,22
GRD-00493,ATM-239,6,14
GRD-00494,ATM-239,14,22
GRD-00495,ATM-240,6,14
GRD-00496,ATM-240,14,22
GRD-00497,ATM-241,6,14
GRD-00498,ATM-241,14,22
GRD-00499,ATM-242,6,14
GRD-00500,ATM-242,14,22
GRD-00501,ATM-243,6,14
GRD-00502,ATM-243,14,22
GRD-00503,ATM-244,6,14
GRD-00504,ATM-244,14,22
GRD-00505,ATM-245,6,14
GRD-00506,ATM-245,14,22
GRD-00507,ATM-246,6,14
GRD-00508,ATM-246,14,22
GRD-00509,ATM-247,6,14
GRD-00510,ATM-247,14,22
GRD-00511,ATM-248,6,14
GRD-00512,ATM-248,14,22
GRD-00513,ATM-249,6,14
GRD-00514,ATM-249,14,22
GRD-00515,ATM-250,6,14
GRD-00516,ATM-250,14,22
GRD-00517,ATM-251,6,14
GRD-00518,ATM-251,14,22
GRD-00519,ATM-252,6,14
GRD-00520,ATM-252,14,22
GRD-00521,ATM-253,6,14
GRD-00522,ATM-253,14,22
GRD-00523,ATM-254,6,14
GRD-00524,ATM-254,14,22
GRD-00525,ATM-255,6,14
GRD-00526,ATM-255,14,22
GRD-00527,ATM-256,6,14
GRD-00528,ATM-256,14,22
GRD-00529,ATM-257,6,14
GRD-00530,ATM-257,14,22
GRD-00531,ATM-258,6,14
GRD-00532,ATM-258,14,22
GRD-00533,ATM-259,6,14
GRD-00534,ATM-259,14,22
GRD-00535,ATM-260,6,14
GRD-00536,ATM-260,14,22
GRD-00537,ATM-261,6,14
GRD-00538,ATM-261,14,22
GRD-00539,ATM-262,6,14
GRD-00540,ATM-262,14,22
GRD-00541,ATM-263,6,14
GRD-00542,ATM-263,14,22
GRD-00543,ATM-264,6,14
GRD-00544,ATM-264,14,22
GRD-00545,ATM-265,6,14
GRD-00546,ATM-265,14,22
GRD-00547,ATM-266,6,14
GRD-00548,ATM-266,14,22
GRD-00549,ATM-267,6,14
GRD-00550,ATM-267,14,22
GRD-00551,ATM-268,6,14
GRD-00552,ATM-268,14,22
GRD-00553,ATM-269,6,14
GRD-00554,ATM-269,14,22
GRD-00555,ATM-270,6,14
GRD-00556,ATM-270,14,22
GRD-00557,ATM-271,6,14
GRD-00558,ATM-271,14,22
GRD-00559,ATM-272,6,14
GRD-00560,ATM-272,14,22
GRD-00561,ATM-273,6,14
GRD-00562,ATM-273,14,22
GRD-00563,ATM-274,6,14
GRD-00564,ATM-274,14,22
GRD-00565,ATM-275,6,14
GRD-00566,ATM-275,14,22
GRD-00567,ATM-276,6,14
GRD-00568,ATM-276,14,22
GRD-00569,ATM-277,6,14
GRD-00570,ATM-277,14,22
GRD-00571,ATM-278,6,14
GRD-00572,ATM-278,14,22
GRD-00573,ATM-279,6,14
GRD-00574,ATM-279,14,22
GRD-00575,ATM-280,6,14
GRD-00576,ATM-280,14,22
GRD-00577,ATM-281,6,14
GRD-00578,ATM-281,14,22
GRD-00579,ATM-282,6,14
GRD-00580,ATM-282,14,22
GRD-00581,ATM-283,6,14
GRD-00582,ATM-283,14,22
GRD-00583,ATM-284,6,14
GRD-00584,ATM-284,14,22
GRD-00585,ATM-285,6,14
GRD-00586,ATM-285,14,22
GRD-00587,ATM-286,6,14
GRD-00588,ATM-286,14,22
GRD-00589,ATM-287,6,14
GRD-00590,ATM-287,14,22
GRD-00591,ATM-288,6,14
GRD-00592,ATM-288,14,22
GRD-00593,ATM-289,6,14
GRD-00594,ATM-289,14,22
GRD-00595,ATM-290,6,14
GRD-00596,ATM-290,14,22
GRD-00597,ATM-291,6,14
GRD-00598,ATM-291,14,22
GRD-00599,ATM-292,6,14
GRD-00600,ATM-292,14,22
GRD-00601,ATM-293,6,14
GRD-00602,ATM-293,14,22
GRD-00603,ATM-294,6,14
GRD-00604,ATM-294,14,22
GRD-00605,ATM-295,6,14
GRD-00606,ATM-295,14,22
GRD-00607,ATM-296,6,14
GRD-00608,ATM-296,14,22
GRD-00609,ATM-297,6,14
GRD-00610,ATM-297,14,22
GRD-00611,ATM-298,6,14
GRD-00612,ATM-298,14,22
GRD-00613,ATM-299,6,14
GRD-00614,ATM-299,14,22
GRD-00615,ATM-299,22,6
GRD-00616,ATM-300,6,14
GRD-00617,ATM-300,14,22
GRD-00618,ATM-300,22,6
GRD-00619,ATM-301,6,14
GRD-00620,ATM-301,14,22
GRD-00621,ATM-301,22,6
GRD-00622,ATM-302,6,14
GRD-00623,ATM-302,14,22
GRD-00624,ATM-302,22,6
GRD-00625,ATM-303,6,14
GRD-00626,ATM-303,14,22
GRD-00627,ATM-304,6,14
GRD-00628,ATM-304,14,22
GRD-00629,ATM-305,6,14
GRD-00630,ATM-305,14,22
GRD-00631,ATM-306,6,14
GRD-00632,ATM-306,14,22
GRD-00633,ATM-307,6,14
GRD-00634,ATM-307,14,22
GRD-00635,ATM-308,6,14
GRD-00636,ATM-308,14,22
GRD-00637,ATM-309,6,14
GRD-00638,ATM-309,14,22
GRD-00639,ATM-310,6,14
GRD-00640,ATM-310,14,22
GRD-00641,ATM-311,6,14
GRD-00642,ATM-311,14,22
GRD-00643,ATM-312,6,14
GRD-00644,ATM-312,14,22
GRD-00645,ATM-313,6,14
GRD-00646,ATM-313,14,22
GRD-00647,ATM-314,6,14
GRD-00648,ATM-314,14,22
GRD-00649,ATM-315,6,14
GRD-00650,ATM-315,14,22
GRD-00651,ATM-316,6,14
GRD-00652,ATM-316,14,22
GRD-00653,ATM-317,6,14
GRD-00654,ATM-317,14,22
GRD-00655,ATM-318,6,14
GRD-00656,ATM-318,14,22
GRD-00657,ATM-319,6,14
GRD-00658,ATM-319,14,22
GRD-00659,ATM-320,6,14
GRD-00660,ATM-320,14,22
GRD-00661,ATM-321,6,14
GRD-00662,ATM-321,14,22
GRD-00663,ATM-322,6,14
GRD-00664,ATM-322,14,22
GRD-00665,ATM-323,6,14
GRD-00666,ATM-323,14,22
GRD-00667,ATM-324,6,14
GRD-00668,ATM-324,14,22
GRD-00669,ATM-325,6,14
GRD-00670,ATM-325,14,22
GRD-00671,ATM-326,6,14
GRD-00672,ATM-326,14,22
GRD-00673,ATM-327,6,14
GRD-00674,ATM-327,14,22
GRD-00675,ATM-328,6,14
GRD-00676,ATM-328,14,22
GRD-00677,ATM-329,6,14
GRD-00678,ATM-329,14,22
GRD-00679,ATM-330,6,14
GRD-00680,ATM-330,14,22
GRD-00681,ATM-331,6,14
GRD-00682,ATM-331,14,22
GRD-00683,ATM-332,6,14
GRD-00684,ATM-332,14,22
GRD-00685,ATM-333,6,14
GRD-00686,ATM-333,14,22
GRD-00687,ATM-334,6,14
GRD-00688,ATM-334,14,22
GRD-00689,ATM-335,6,14
GRD-00690,ATM-335,14,22
GRD-00691,ATM-336,6,14
GRD-00692,ATM-336,14,22
GRD-00693,ATM-337,6,14
GRD-00694,ATM-337,14,22
GRD-00695,ATM-338,6,14
GRD-00696,ATM-338,14,22
GRD-00697,ATM-339,6,14
GRD-00698,ATM-339,14,22
GRD-00699,ATM-340,6,14
GRD-00700,ATM-340,14,22
GRD-00701,ATM-341,6,14
GRD-00702,ATM-341,14,22
GRD-00703,ATM-342,6,14
GRD-00704,ATM-342,14,22
GRD-00705,ATM-343,6,14
GRD-00706,ATM-343,14,22
GRD-00707,ATM-344,6,14
GRD-00708,ATM-344,14,22
GRD-00709,ATM-345,6,14
GRD-00710,ATM-345,14,22
GRD-00711,ATM-346,6,14
GRD-00712,ATM-346,14,22
GRD-00713,ATM-347,6,14
GRD-00714,ATM-347,14,22
GRD-00715,ATM-348,6,14
GRD-00716,ATM-348,14,22
GRD-00717,ATM-349,6,14
GRD-00718,ATM-349,14,22
GRD-00719,ATM-350,6,14
GRD-00720,ATM-350,14,22
GRD-00721,ATM-351,6,14
GRD-00722,ATM-351,14,22
GRD-00723,ATM-352,6,14
GRD-00724,ATM-352,14,22
GRD-00725,ATM-353,6,14
GRD-00726,ATM-353,14,22
GRD-00727,ATM-354,6,14
GRD-00728,ATM-354,14,22
GRD-00729,ATM-355,6,14
GRD-00730,ATM-355,14,22
GRD-00731,ATM-356,6,14
GRD-00732,ATM-356,14,22
GRD-00733,ATM-357,6,14
GRD-00734,ATM-357,14,22
GRD-00735,ATM-358,6,14
GRD-00736,ATM-358,14,22
GRD-00737,ATM-359,6,14
GRD-00738,ATM-359,14,22
GRD-00739,ATM-360,6,14
GRD-00740,ATM-360,14,22
GRD-00741,ATM-361,6,14
GRD-00742,ATM-361,14,22
GRD-00743,ATM-362,6,14
GRD-00744,ATM-362,14,22
GRD-00745,ATM-363,6,14
GRD-00746,ATM-363,14,22
GRD-00747,ATM-364,6,14
GRD-00748,ATM-364,14,22
GRD-00749,ATM-365,6,14
GRD-00750,ATM-365,14,22
GRD-00751,ATM-366,6,14
GRD-00752,ATM-366,14,22
GRD-00753,ATM-367,6,14
GRD-00754,ATM-367,14,22
GRD-00755,ATM-368,6,14
GRD-00756,ATM-368,14,22
GRD-00757,ATM-369,6,14
GRD-00758,ATM-369,14,22
GRD-00759,ATM-370,6,14
GRD-00760,ATM-370,14,22
GRD-00761,ATM-371,6,14
GRD-00762,ATM-371,14,22
GRD-00763,ATM-372,6,14
GRD-00764,ATM-372,14,22
GRD-00765,ATM-373,6,14
GRD-00766,ATM-373,14,22
GRD-00767,ATM-373,22,6
GRD-00768,ATM-374,6,14
GRD-00769,ATM-374,14,22
GRD-00770,ATM-374,22,6
GRD-00771,ATM-375,6,14
GRD-00772,ATM-375,14,22
GRD-00773,ATM-375,22,6
GRD-00774,ATM-376,6,14
GRD-00775,ATM-376,14,22
GRD-00776,ATM-376,22,6
GRD-00777,ATM-377,6,14
GRD-00778,ATM-377,14,22
GRD-00779,ATM-378,6,14
GRD-00780,ATM-378,14,22
GRD-00781,ATM-379,6,14
GRD-00782,ATM-379,14,22
GRD-00783,ATM-380,6,14
GRD-00784,ATM-380,14,22
GRD-00785,ATM-381,6,14
GRD-00786,ATM-381,14,22
GRD-00787,ATM-382,6,14
GRD-00788,ATM-382,14,22
GRD-00789,ATM-383,6,14
GRD-00790,ATM-383,14,22
GRD-00791,ATM-384,6,14
GRD-00792,ATM-384,14,22
GRD-00793,ATM-385,6,14
GRD-00794,ATM-385,14,22
GRD-00795,ATM-386,6,14
GRD-00796,ATM-386,14,22
GRD-00797,ATM-387,6,14
GRD-00798,ATM-387,14,22
GRD-00799,ATM-388,6,14
GRD-00800,ATM-388,14,22
GRD-00801,ATM-389,6,14
GRD-00802,ATM-389,14,22
GRD-00803,ATM-390,6,14
GRD-00804,ATM-390,14,22
GRD-00805,ATM-391,6,14
GRD-00806,ATM-391,14,22
GRD-00807,ATM-392,6,14
GRD-00808,ATM-392,14,22
GRD-00809,ATM-393,6,14
GRD-00810,ATM-393,14,22
GRD-00811,ATM-394,6,14
GRD-00812,ATM-394,14,22
GRD-00813,ATM-395,6,14
GRD-00814,ATM-395,14,22
GRD-00815,ATM-396,6,14
GRD-00816,ATM-396,14,22
GRD-00817,ATM-397,6,14
GRD-00818,ATM-397,14,22
GRD-00819,ATM-398,6,14
GRD-00820,ATM-398,14,22
GRD-00821,ATM-399,6,14
GRD-00822,ATM-399,14,22
GRD-00823,ATM-400,6,14
GRD-00824,ATM-400,14,22
GRD-00825,ATM-401,6,14
GRD-00826,ATM-401,14,22
GRD-00827,ATM-402,6,14
GRD-00828,ATM-402,14,22
GRD-00829,ATM-403,6,14
GRD-00830,ATM-403,14,22
GRD-00831,ATM-404,6,14
GRD-00832,ATM-404,14,22
GRD-00833,ATM-405,6,14
GRD-00834,ATM-405,14,22
GRD-00835,ATM-406,6,14
GRD-00836,ATM-406,14,22
GRD-00837,ATM-407,6,14
GRD-00838,ATM-407,14,22
GRD-00839,ATM-408,6,14
GRD-00840,ATM-408,14,22
GRD-00841,ATM-409,6,14
GRD-00842,ATM-409,14,22
GRD-00843,ATM-410,6,14
GRD-00844,ATM-410,14,22
GRD-00845,ATM-411,6,14
GRD-00846,ATM-411,14,22
GRD-00847,ATM-412,6,14
GRD-00848,ATM-412,14,22
GRD-00849,ATM-413,6,14
GRD-00850,ATM-413,14,22
GRD-00851,ATM-414,6,14
GRD-00852,ATM-414,14,22
GRD-00853,ATM-415,6,14
GRD-00854,ATM-415,14,22
GRD-00855,ATM-416,6,14
GRD-00856,ATM-416,14,22
GRD-00857,ATM-417,6,14
GRD-00858,ATM-417,14,22
GRD-00859,ATM-418,6,14
GRD-00860,ATM-418,14,22
GRD-00861,ATM-419,6,14
GRD-00862,ATM-419,14,22
GRD-00863,ATM-420,6,14
GRD-00864,ATM-420,14,22
GRD-00865,ATM-421,6,14
GRD-00866,ATM-421,14,22
GRD-00867,ATM-422,6,14
GRD-00868,ATM-422,14,22
GRD-00869,ATM-423,6,14
GRD-00870,ATM-423,14,22
GRD-00871,ATM-424,6,14
GRD-00872,ATM-424,14,22
GRD-00873,ATM-425,6,14
GRD-00874,ATM-425,14,22
GRD-00875,ATM-426,6,14
GRD-00876,ATM-426,14,22
GRD-00877,ATM-427,6,14
GRD-00878,ATM-427,14,22
GRD-00879,ATM-428,6,14
GRD-00880,ATM-428,14,22
GRD-00881,ATM-429,6,14
GRD-00882,ATM-429,14,22
GRD-00883,ATM-430,6,14
GRD-00884,ATM-430,14,22
GRD-00885,ATM-431,6,14
GRD-00886,ATM-431,14,22
GRD-00887,ATM-432,6,14
GRD-00888,ATM-432,14,22
GRD-00889,ATM-433,6,14
GRD-00890,ATM-433,14,22
GRD-00891,ATM-434,6,14
GRD-00892,ATM-434,14,22
GRD-00893,ATM-435,6,14
GRD-00894,ATM-435,14,22
GRD-00895,ATM-436,6,14
GRD-00896,ATM-436,14,22
GRD-00897,ATM-437,6,14
GRD-00898,ATM-437,14,22
GRD-00899,ATM-438,6,14
GRD-00900,ATM-438,14,22
GRD-00901,ATM-439,6,14
GRD-00902,ATM-439,14,22
GRD-00903,ATM-440,6,14
GRD-00904,ATM-440,14,22
GRD-00905,ATM-441,6,14
GRD-00906,ATM-441,14,22
GRD-00907,ATM-442,6,14
GRD-00908,ATM-442,14,22
GRD-00909,ATM-443,6,14
GRD-00910,ATM-443,14,22
GRD-00911,ATM-444,6,14
GRD-00912,ATM-444,14,22
GRD-00913,ATM-445,6,14
GRD-00914,ATM-445,14,22
GRD-00915,ATM-446,6,14
GRD-00916,ATM-446,14,22
GRD-00917,ATM-447,6,14
GRD-00918,ATM-447,14,22
GRD-00919,ATM-447,22,6
GRD-00920,ATM-448,6,14
GRD-00921,ATM-448,14,22
GRD-00922,ATM-448,22,6
GRD-00923,ATM-449,6,14
GRD-00924,ATM-449,14,22
GRD-00925,ATM-449,22,6
GRD-00926,ATM-450,6,14
GRD-00927,ATM-450,14,22
GRD-00928,ATM-450,22,6
GRD-00929,ATM-451,6,14
GRD-00930,ATM-451,14,22
GRD-00931,ATM-452,6,14
GRD-00932,ATM-452,14,22
GRD-00933,ATM-453,6,14
GRD-00934,ATM-453,14,22
GRD-00935,ATM-454,6,14
GRD-00936,ATM-454,14,22
GRD-00937,ATM-455,6,14
GRD-00938,ATM-455,14,22
GRD-00939,ATM-456,6,14
GRD-00940,ATM-456,14,22
GRD-00941,ATM-457,6,14
GRD-00942,ATM-457,14,22
GRD-00943,ATM-458,6,14
GRD-00944,ATM-458,14,22
GRD-00945,ATM-459,6,14
GRD-00946,ATM-459,14,22
GRD-00947,ATM-460,6,14
GRD-00948,ATM-460,14,22
GRD-00949,ATM-461,6,14
GRD-00950,ATM-461,14,22
GRD-00951,ATM-462,6,14
GRD-00952,ATM-462,14,22
GRD-00953,ATM-463,6,14
GRD-00954,ATM-463,14,22
GRD-00955,ATM-464,6,14
GRD-00956,ATM-464,14,22
GRD-00957,ATM-465,6,14
GRD-00958,ATM-465,14,22
GRD-00959,ATM-466,6,14
GRD-00960,ATM-466,14,22
GRD-00961,ATM-467,6,14
GRD-00962,ATM-467,14,22
GRD-00963,ATM-468,6,14
GRD-00964,ATM-468,14,22
GRD-00965,ATM-469,6,14
GRD-00966,ATM-469,14,22
GRD-00967,ATM-470,6,14
GRD-00968,ATM-470,14,22
GRD-00969,ATM-471,6,14
GRD-00970,ATM-471,14,22
GRD-00971,ATM-472,6,14
GRD-00972,ATM-472,14,22
GRD-00973,ATM-473,6,14
GRD-00974,ATM-473,14,22
GRD-00975,ATM-474,6,14
GRD-00976,ATM-474,14,22
GRD-00977,ATM-475,6,14
GRD-00978,ATM-475,14,22
GRD-00979,ATM-476,6,14
GRD-00980,ATM-476,14,22
GRD-00981,ATM-477,6,14
GRD-00982,ATM-477,14,22
GRD-00983,ATM-478,6,14
GRD-00984,ATM-478,14,22
GRD-00985,ATM-479,6,14
GRD-00986,ATM-479,14,22
GRD-00987,ATM-480,6,14
GRD-00988,ATM-480,14,22
GRD-00989,ATM-481,6,14
GRD-00990,ATM-481,14,22
GRD-00991,ATM-482,6,14
GRD-00992,ATM-482,14,22
GRD-00993,ATM-483,6,14
GRD-00994,ATM-483,14,22
GRD-00995,ATM-484,6,14
GRD-00996,ATM-484,14,22
GRD-00997,ATM-485,6,14
GRD-00998,ATM-485,14,22
GRD-00999,ATM-486,6,14
GRD-01000,ATM-486,14,22
GRD-01001,ATM-487,6,14
GRD-01002,ATM-487,14,22
GRD-01003,ATM-488,6,14
GRD-01004,ATM-488,14,22
GRD-01005,ATM-489,6,14
GRD-01006,ATM-489,14,22
GRD-01007,ATM-490,6,14
GRD-01008,ATM-490,14,22
GRD-01009,ATM-491,6,14
GRD-01010,ATM-491,14,22
GRD-01011,ATM-492,6,14
GRD-01012,ATM-492,14,22
GRD-01013,ATM-493,6,14
GRD-01014,ATM-493,14,22
GRD-01015,ATM-494,6,14
GRD-01016,ATM-494,14,22
GRD-01017,ATM-495,6,14
GRD-01018,ATM-495,14,22
GRD-01019,ATM-496,6,14
GRD-01020,ATM-496,14,22
GRD-01021,ATM-497,6,14
GRD-01022,ATM-497,14,22
GRD-01023,ATM-498,6,14
GRD-01024,ATM-498,14,22
GRD-01025,ATM-499,6,14
GRD-01026,ATM-499,14,22
GRD-01027,ATM-500,6,14
GRD-01028,ATM-500,14,22
GRD-01029,ATM-501,6,14
GRD-01030,ATM-501,14,22
GRD-01031,ATM-502,6,14
GRD-01032,ATM-502,14,22
GRD-01033,ATM-503,6,14
GRD-01034,ATM-503,14,22
GRD-01035,ATM-504,6,14
GRD-01036,ATM-504,14,22
GRD-01037,ATM-505,6,14
GRD-01038,ATM-505,14,22
GRD-01039,ATM-506,6,14
GRD-01040,ATM-506,14,22
GRD-01041,ATM-507,6,14
GRD-01042,ATM-507,14,22
GRD-01043,ATM-508,6,14
GRD-01044,ATM-508,14,22
GRD-01045,ATM-509,6,14
GRD-01046,ATM-509,14,22
GRD-01047,ATM-510,6,14
GRD-01048,ATM-510,14,22
GRD-01049,ATM-511,6,14
GRD-01050,ATM-511,14,22
GRD-01051,ATM-512,6,14
GRD-01052,ATM-512,14,22
GRD-01053,ATM-513,6,14
GRD-01054,ATM-513,14,22
GRD-01055,ATM-514,6,14
GRD-01056,ATM-514,14,22
GRD-01057,ATM-515,6,14
GRD-01058,ATM-515,14,22
GRD-01059,ATM-516,6,14
GRD-01060,ATM-516,14,22
GRD-01061,ATM-517,6,14
GRD-01062,ATM-517,14,22
GRD-01063,ATM-518,6,14
GRD-01064,ATM-518,14,22
GRD-01065,ATM-519,6,14
GRD-01066,ATM-519,14,22
GRD-01067,ATM-520,6,14
GRD-01068,ATM-520,14,22
